,,,,,,,
,,,,,,,
ALIGN_TOP,,,,,,,
,,Sight Unseeing,Accessories 3,HP Lore 4,Accessories 9,Ninja Swords 3,
,Spellbound,Inquisitor,Ninja Swords 1,Focus,Ninja Swords 2,Swiftness 2,Battle Lore 3
,Poach,,Adrammelech,Cúchulainn,Zeromus,,Improved Counter
,Light Armor 2,Swiftness 1,Light Armor 3,HP Lore 2,Daggers 3,Quickening 3,Light Armor 5
,Daggers 2,Shields 2,Adrenaline,Light Armor 4,Accessories 7,Light Armor 6,HP Lore 6
,,Shields 3,Accessories 5,Counter,Shields 4,Daggers 4,
,,,,,,,
ALIGN_BOTTOM,,,,,,,