ID,Name,Location,Location ID,Charasets,Traits,Charaset Limit,Variety Limit
# Bodhum (01)
btsc01110,Forced Beach Fight,Bodhum 3,h_hm_AD0003,chset_hmaa_001|chset_hmaa_e025,,39,
btsc01120,Beach Fight Right A,Bodhum 3,h_hm_AD0003,chset_hmaa_001,,39,
btsc01130,Beach Fight Left,Bodhum 3,h_hm_AD0003,chset_hmaa_001,,39,
btsc01140,Beach Fight Right B,Bodhum 3,h_hm_AD0003,chset_hmaa_001,,39,
btsc01150,Mog Clock tutorial,Bodhum 3,h_hm_AD0003,,Info,,
btsc01160,Mog Clock skip,Bodhum 3,h_hm_AD0003,,Info,,
btsc01201,,Bodhum 3,h_hm_AD0003,,Info,,
btsc01202,,Bodhum 3/Bresha 5,h_hm_AD0003|h_bj_AD0005,,Info,,
btsc01203,,Bodhum 3/Bresha 5,h_hm_AD0003|h_bj_AD0005,,Info,,
btsc01204,,Void Beyond,h_sp_NA0100,,Info,,
btsc01210,,Bodhum 3,h_hm_AD0003,,Info,,
btsc01211,,Bodhum 3,h_hm_AD0003,,Info,,
btsc01220,Rare (Gorgonopsid),Bodhum 3,h_hm_AD0003,,Info,,
btsc01231,,Bodhum 3,h_hm_AD0003,,Info,,
btsc01232,,Bodhum 3,h_hm_AD0003,,Info,,
btsc01233,,Bodhum 3,h_hm_AD0003,,Info,,
btsc01241,,Bodhum 3,h_hm_AD0003,,Info,,
btsc01250,,Bodhum 3,h_hm_AD0003,,Info,,
btsc01260,,Bodhum 3,h_hm_AD0003,,Info,,
btsc01261,,Bodhum 3,h_hm_AD0003,,Info,,
btsc01270,Rare (Exoray),Bodhum 3,h_hm_AD0003,,Info,,
btsc01500,,Bodhum 3,h_hm_AD0003,,Info,,
btsc01501,,Bodhum 3/Bresha 5,h_hm_AD0003|h_bj_AD0005,,Info,,
btsc01502,,Void Beyond,h_sp_NA0100,,Info,,
btsc01505,,Bodhum 3,h_hm_AD0003,,Info,,
btsc01510,,Bodhum 3,h_hm_AD0003,,Info,,
btsc01521,,Bodhum 3,h_hm_AD0003,,Info,,
btsc01900,Gogmagog Alpha,Bodhum 3,h_hm_AD0003,chset_hmaa_e050,Boss,39,
btsc01910,Gogmagog Beta,Bodhum 3,h_hm_AD0003,chset_hmaa_e130,Boss,39,
# Bresha (02)
btsc02001,,Bresha 5,h_bj_AD0005,chset_bjaa_tuto,,39,
btsc02002,,Bresha 5,h_bj_AD0005,,Info,,
btsc02050,Paradigm Pack Tutorial,Bresha 5,h_bj_AD0005,chset_bjaa_tuto,,39,
btsc02101,,Bresha 5,h_bj_AD0005,,Info,,
btsc02102,,Bresha 5,h_bj_AD0005,,Info,,
btsc02103,,Bresha 5,h_bj_AD0005,,Info,,
btsc02111,,Bresha 5,h_bj_AD0005,,Info,,
btsc02112,,Bresha 5,h_bj_AD0005,,Info,,
btsc02113,,Bresha 5,h_bj_AD0005,,Info,,
btsc02121,,Bresha 5,h_bj_AD0005,,Info,,
btsc02132,,Bresha 5,h_bj_AD0005,,Info,,
btsc02141,,Bresha 5,h_bj_AD0005,,Info,,
btsc02142,,Bresha 5,h_bj_AD0005,,Info,,
btsc02150,,Bresha 5,h_bj_AD0005,,Info,,
btsc02151,,Bresha 5,h_bj_AD0005,,Info,,
btsc02160,,Bresha 5,h_bj_AD0005,,Info,,
btsc02170,Rare (Svarog),Bresha 5,h_bj_AD0005,,Info,,
btsc02181,Rare (Albino Lobo x2),Bresha 5,h_bj_AD0005,,Info,,
btsc02314,,Bresha 300,h_bj_AD0300,,Info,,
btsc02315,,Bresha 300,h_bj_AD0300,,Info,,
btsc02322,,Bresha 100/Bresha 300,h_bj_AD0100|h_bj_AD0300,,Info,,
btsc02323,,Bresha 100/Bresha 300,h_bj_AD0100|h_bj_AD0300,,Info,,
btsc02324,,Bresha 100,h_bj_AD0100,,Info,,
btsc02330,,Bresha 100,h_bj_AD0100,,Info,,
btsc02331,,Bresha 100,h_bj_AD0100,,Info,,
btsc02340,Rare (Purple Chocobo),Bresha 100/Bresha 300,h_bj_AD0100|h_bj_AD0300,,Info,,
btsc02350,Rare (Don Tonberry),Bresha 100,h_bj_AD0100,,Info,,
btsc02400,,Bresha 100,h_bj_AD0100,,Info,,
btsc02401,,Bresha 100,h_bj_AD0100,,Info,,
btsc02410,Rare (Tonberry),Bresha 300,h_bj_AD0300,,Info,,
btsc02500,,Bresha 5,h_bj_AD0005,,Info,,
btsc02501,,Bresha 5,h_bj_AD0005,,Info,,
btsc02510,,Bresha 5,h_bj_AD0005,,Info,,
btsc02511,,Bresha 5,h_bj_AD0005,,Info,,
btsc02520,,Bresha 5,h_bj_AD0005,,Info,,
btsc02521,,Bresha 5,h_bj_AD0005,,Info,,
btsc02522,,Bresha 5,h_bj_AD0005,,Info,,
btsc02530,,Bresha 5,h_bj_AD0005,,Info,,
btsc02531,,Bresha 5,h_bj_AD0005,,Info,,
btsc02532,,Bresha 5,h_bj_AD0005,,Info,,
btsc02540,,Bresha 5,h_bj_AD0005,,Info,,
btsc02542,,Bresha 5,h_bj_AD0005,,Info,,
btsc02544,,Bresha 5,h_bj_AD0005,,Info,,
btsc02550,,Bresha 5,h_bj_AD0005,,Info,,
btsc02560,Rare (Amanojaku + Notsugo x 3),Bresha 5,h_bj_AD0005,,Info,,
btsc02600,,Bresha 300,h_bj_AD0300,,Info,,
btsc02601,,Bresha 300,h_bj_AD0300,,Info,,
btsc02602,,Bresha 300,h_bj_AD0300,,Info,,
btsc02610,,Bresha 300,h_bj_AD0300,,Info,,
btsc02611,,Bresha 300,h_bj_AD0300,,Info,,
btsc02710,,Bresha 100,h_bj_AD0100,,Info,,
btsc02711,,Bresha 100,h_bj_AD0100,,Info,,
btsc02800,Ghast,Bresha 5,h_bj_AD0005,,Info|Miniboss,,
btsc02810,Kalavinka,Bresha 100,h_bj_AD0100,chset_bjba_def,Boss,39,
# Yaschas (03)
btsc03002,,Yaschas 10/Yaschas 1X,h_gy_AD0010|h_gh_AD0010,,Info,,
btsc03012,,Yaschas 10/Yaschas 110/Yaschas 1X,h_gy_AD0010|h_gy_AD0200|h_gh_AD0010,,Info,,
btsc03013,,Yaschas 10/Yaschas 1X,h_gy_AD0010|h_gh_AD0010,,Info,,
btsc03014,,Yaschas 10/Yaschas 110/Yaschas 1X,h_gy_AD0010|h_gy_AD0200|h_gh_AD0010,,Info,,
btsc03021,,Yaschas 10/Yaschas 1X,h_gy_AD0010|h_gh_AD0010,,Info,,
btsc03022,,Yaschas 110,h_gy_AD0200,,Info,,
btsc03031,,Yaschas 10/Yaschas 1X,h_gy_AD0010|h_gh_AD0010,,Info,,
btsc03041,,Yaschas 10/Yaschas 1X,h_gy_AD0010|h_gh_AD0010,,Info,,
btsc03050,Feral Behemoth,Yaschas 10/Yaschas 1X,h_gy_AD0010|h_gh_AD0010,,Info,,
btsc03062,Rare (Necrosis),Yaschas 10/Yaschas 1X,h_gy_AD0010|h_gh_AD0010,,Info,,
btsc03070,Rare (Narasimha),Yaschas 10/Yaschas 1X,h_gy_AD0010|h_gh_AD0010,,Info,,
btsc03102,,Yaschas 100,h_gy_AD0100,,Info,,
btsc03103,,Yaschas 100,h_gy_AD0100,,Info,,
btsc03104,,Yaschas 100,h_gy_AD0100,,Info,,
btsc03111,,Yaschas 100,h_gy_AD0100,,Info,,
btsc03112,,Yaschas 100,h_gy_AD0100,,Info,,
btsc03120,Rare (Green Chocobo),Yaschas 110,h_gy_AD0200,,Info,,
btsc03132,,Yaschas 100,h_gy_AD0100,,Info,,
btsc03134,,Yaschas 100,h_gy_AD0100,,Info,,
btsc03140,Rare (Deathgaze),Yaschas 100,h_gy_AD0100,,Info,,
btsc03150,Rare (Bunkerbeast),Yaschas 100,h_gy_AD0100,,Info,,
btsc03202,,Yaschas 110,h_gy_AD0200,,Info,,
btsc03203,,Yaschas 110,h_gy_AD0200,,Info,,
btsc03204,,Yaschas 110,h_gy_AD0200,,Info,,
btsc03211,,Yaschas 110,h_gy_AD0200,,Info,,
btsc03212,,Yaschas 110,h_gy_AD0200,,Info,,
btsc03221,,Yaschas 100,h_gy_AD0100,,Info,,
btsc03240,Rare (Kanna Kamuy),Yaschas 110,h_gy_AD0200,,Info,,
btsc03500,,Yaschas 10/Yaschas 1X,h_gy_AD0010|h_gh_AD0010,,Info,,
btsc03505,,Yaschas 10/Yaschas 1X,h_gy_AD0010|h_gh_AD0010,,Info,,
btsc03510,,Yaschas 10/Yaschas 1X,h_gy_AD0010|h_gh_AD0010,,Info,,
btsc03513,,Yaschas 10/Yaschas 1X,h_gy_AD0010|h_gh_AD0010,,Info,,
btsc03521,,Yaschas 10/Yaschas 1X,h_gy_AD0010|h_gh_AD0010,,Info,,
btsc03530,,Yaschas 10/Yaschas 1X,h_gy_AD0010|h_gh_AD0010,,Info,,
btsc03531,,Yaschas 10/Yaschas 1X,h_gy_AD0010|h_gh_AD0010,,Info,,
btsc03532,,Yaschas 10/Yaschas 1X,h_gy_AD0010|h_gh_AD0010,,Info,,
btsc03600,,Yaschas 100,h_gy_AD0100,,Info,,
btsc03601,,Yaschas 100,h_gy_AD0100,,Info,,
btsc03610,,Yaschas 100,h_gy_AD0100,,Info,,
btsc03611,,Yaschas 100,h_gy_AD0100,,Info,,
btsc03620,,Yaschas 100,h_gy_AD0100,,Info,,
btsc03630,,Yaschas 100,h_gy_AD0100,,Info,,
btsc03631,,Yaschas 100,h_gy_AD0100,,Info,,
btsc03640,,Yaschas 100,h_gy_AD0100,,Info,,
btsc03650,,Yaschas 100,h_gy_AD0100,,Info,,
btsc03700,,Yaschas 110,h_gy_AD0200,,Info,,
btsc03701,,Yaschas 110,h_gy_AD0200,,Info,,
btsc03710,,Yaschas 110,h_gy_AD0200,,Info,,
btsc03711,,Yaschas 110,h_gy_AD0200,,Info,,
btsc03720,,Yaschas 110,h_gy_AD0200,,Info,,
btsc03730,,Yaschas 110,h_gy_AD0200,,Info,,
btsc03731,,Yaschas 110,h_gy_AD0200,,Info,,
btsc03740,,Yaschas 110,h_gy_AD0200,,Info,,
btsc03741,,Yaschas 110,h_gy_AD0200,,Info,,
btsc03800,Gorgyra,Yaschas 10/Yaschas 1X,h_gy_AD0010|h_gh_AD0010,,Info|Boss,,
btsc03810,Rare (Ugallu),Yaschas 110,h_gy_AD0200,,Info|Boss,,
btsc03900,Aloedai,Yaschas 10,h_gy_AD0010,chset_gyaa_020,Boss,39,
# Oerba (04)
btsc04001,,Oerba 200,h_gw_AD0200,,Info,,
btsc04002,,Oerba 200,h_gw_AD0200,,Info,,
btsc04011,,Oerba 200,h_gw_AD0200,,Info,,
btsc04012,,Oerba 200,h_gw_AD0200,,Info,,
btsc04013,,Oerba 200,h_gw_AD0200,,Info,,
btsc04022,,Oerba 200/Oerba 300/Oerba 400/Archylte,h_gw_AD0200|h_gw_AD0300|h_gw_AD0400|h_gd_NA0000,,Info,,
btsc04023,,Oerba 200/Archylte,h_gw_AD0200|h_gd_NA0000,,Info,,
btsc04024,,Oerba 400,h_gw_AD0400,,Info,,
btsc04033,,Oerba 400,h_gw_AD0400,,Info,,
btsc04034,,Oerba 400,h_gw_AD0400,,Info,,
btsc04041,,Archylte,h_gd_NA0000,,Info,,
btsc04042,,Archylte/Void Beyond,h_gd_NA0000|h_sp_NA0001|h_sp_NA0100,,Info,,
btsc04043,,Oerba 200/Void Beyond,h_gw_AD0200|h_sp_NA0001|h_sp_NA0100,,Info,,
btsc04044,,Oerba 200,h_gw_AD0200,,Info,,
btsc04051,,Void Beyond,h_sp_NA0001|h_sp_NA0100,,Info,,
btsc04052,,Void Beyond,h_sp_NA0001|h_sp_NA0100,,Info,,
btsc04061,,Oerba 200/Oerba 300/Archylte,h_gw_AD0200|h_gw_AD0300|h_gd_NA0000,,Info,,
btsc04062,,Oerba 200/Oerba 300/Oerba 400/Archylte,h_gw_AD0200|h_gw_AD0300|h_gw_AD0400|h_gd_NA0000,,Info,,
btsc04070,Rare (Lucidon),Oerba 200,h_gw_AD0200,,Info,,
btsc04103,,Oerba 300,h_gw_AD0300,,Info,,
btsc04104,,Oerba 300,h_gw_AD0300,,Info,,
btsc04105,,Oerba 300,h_gw_AD0300,,Info,,
btsc04106,,Oerba 300,h_gw_AD0300,,Info,,
btsc04111,,Oerba 300,h_gw_AD0300,,Info,,
btsc04120,Rare (Pink Lily x 2),Oerba 300,h_gw_AD0300,,Info,,
btsc04130,Rare (White Chocobo),Oerba 300,h_gw_AD0300,,Info,,
btsc04200,Raspatil,Oerba 400,h_gw_AD0400,,Info|Superboss,,
btsc04210,,Oerba 400,h_gw_AD0400,,Info,,
btsc04211,,Oerba 400,h_gw_AD0400,,Info,,
btsc04220,,Oerba 400,h_gw_AD0400,,Info,,
btsc04221,,Oerba 400,h_gw_AD0400,,Info,,
btsc04222,,Oerba 400,h_gw_AD0400,,Info,,
btsc04500,,Oerba 200/Oerba 300/Oerba 400/Archylte,h_gw_AD0200|h_gw_AD0300|h_gw_AD0400|h_gd_NA0000,,Info,,
btsc04501,,Oerba 200/Oerba 300/Oerba 400/Archylte,h_gw_AD0200|h_gw_AD0300|h_gw_AD0400|h_gd_NA0000,,Info,,
btsc04505,,Oerba 200/Archylte,h_gw_AD0200|h_gd_NA0000,,Info,,
btsc04510,,Oerba 200,h_gw_AD0200,,Info,,
btsc04515,,Oerba 200,h_gw_AD0200,,Info,,
btsc04520,,Oerba 200/Oerba 400/Archylte,h_gw_AD0200|h_gw_AD0400|h_gd_NA0000,,Info,,
btsc04521,,Oerba 200/Oerba 400/Archylte,h_gw_AD0200|h_gw_AD0400|h_gd_NA0000,,Info,,
btsc04522,,Oerba 200,h_gw_AD0200,,Info,,
btsc04530,,Oerba 200/Archylte/Void Beyond,h_gw_AD0200|h_gd_NA0000|h_sp_NA0001|h_sp_NA0100,,Info,,
btsc04535,,Oerba 200,h_gw_AD0200,,Info,,
btsc04540,,Oerba 200,h_gw_AD0200,,Info,,
btsc04541,,Oerba 200,h_gw_AD0200,,Info,,
btsc04542,,Oerba 200,h_gw_AD0200,,Info,,
btsc04600,,Oerba 300,h_gw_AD0300,,Info,,
btsc04601,,Oerba 300,h_gw_AD0300,,Info,,
btsc04701,,Oerba 400,h_gw_AD0400,,Info,,
btsc04702,,Oerba 400,h_gw_AD0400,,Info,,
btsc04702,,Oerba 400,h_gw_AD0400,,Info,,
btsc04711,,Oerba 400,h_gw_AD0400,,Info,,
btsc04712,,Oerba 400,h_gw_AD0400,,Info,,
btsc04721,,Oerba 400,h_gw_AD0400,,Info,,
btsc04730,Rare (Zaghnal + Forked Cat),Oerba 400,h_gw_AD0400,,Info,,
btsc04900,Caius Oerba,Oerba 200,h_gw_AD0200,chset_gwca_def,Boss,39,
btsc04909,Caius Oerba Paradox,Oerba 200,h_gw_AD0200,chset_gwca_def,Boss,39,
# Sunleth (05)
btsc05003,,Sunleth 300,h_sn_AD0300,,Info,,
btsc05004,,Sunleth 300,h_sn_AD0300,,Info,,
btsc05013,,Sunleth 300,h_sn_AD0300,,Info,,
btsc05014,,Sunleth 300,h_sn_AD0300,,Info,,
btsc05021,,Sunleth 300,h_sn_AD0300,,Info,,
btsc05040,,Archylte,h_gd_NA0000,,Info,,
btsc05042,,Sunleth 300/Archylte,h_sn_AD0300|h_gd_NA0000,,Info,,
btsc05043,,Sunleth 300,h_sn_AD0300,,Info,,
btsc05044,,Sunleth 300,h_sn_AD0300,,Info,,
btsc05050,,Sunleth 300,h_sn_AD0300,,Info,,
btsc05051,,Sunleth 300/Sunleth 400,h_sn_AD0300|h_sn_AD0400,,Info,,
btsc05052,,Sunleth 400,h_sn_AD0400,,Info,,
btsc05072,,Sunleth 300,h_sn_AD0300,,Info,,
btsc05073,,Sunleth 300,h_sn_AD0300,,Info,,
btsc05074,,Sunleth 300,h_sn_AD0300,,Info,,
btsc05091,,Sunleth 300/Archylte,h_sn_AD0300|h_gd_NA0000,,Info,,
btsc05092,,Sunleth 300,h_sn_AD0300,,Info,,
btsc05101,,Sunleth 300,h_sn_AD0300,,Info,,
btsc05102,,Sunleth 300,h_sn_AD0300,,Info,,
btsc05110,,Sunleth 300,h_sn_AD0300,,Info,,
btsc05111,,Sunleth 300,h_sn_AD0300,,Info,,
btsc05200,,Sunleth 400,h_sn_AD0400,,Info,,
btsc05201,,Sunleth 400,h_sn_AD0400,,Info,,
btsc05220,Rare (Illuyankas),Sunleth 400,h_sn_AD0400,,Info,,
btsc05500,,Sunleth 400,h_sn_AD0400,,Info,,
btsc05501,,Sunleth 300/Sunleth 400,h_sn_AD0300|h_sn_AD0400,,Info,,
btsc05502,,Sunleth 300/Sunleth 400,h_sn_AD0300|h_sn_AD0400,,Info,,
btsc05504,,Sunleth 400,h_sn_AD0400,,Info,,
btsc05510,,Sunleth 300,h_sn_AD0300,,Info,,
btsc05511,,Sunleth 300,h_sn_AD0300,,Info,,
btsc05520,,Sunleth 300,h_sn_AD0300,,Info,,
btsc05521,,Sunleth 300,h_sn_AD0300,,Info,,
btsc05525,,Sunleth 300,h_sn_AD0300,,Info,,
btsc05530,,Sunleth 300,h_sn_AD0300,,Info,,
btsc05531,,Sunleth 300,h_sn_AD0300,,Info,,
btsc05541,,Archylte,h_gd_NA0000,,Info,,
btsc05550,,Sunleth 300,h_sn_AD0300,,Info,,
btsc05551,,Sunleth 300,h_sn_AD0300,,Info,,
btsc05555,,Sunleth 300,h_sn_AD0300,,Info,,
btsc05600,,Sunleth 400,h_sn_AD0400,,Info,,
btsc05601,,Sunleth 400,h_sn_AD0400,,Info,,
btsc05800,Colored Miniflans,Sunleth 400,h_sn_AD0400,chset_snea_def|chset_snea_load,Miniboss,39,
btsc05920,Mutantomato,Sunleth 300,h_sn_AD0300,chset_snda_002,Boss,39,
btsc05950,Miniflan x3 (Thundering Artefact),Sunleth 300,h_sn_AD0300,chset_snda_npc,Miniboss,32,2
btsc05960,Miniflan x5 (Combat Artefact),Sunleth 300,h_sn_AD0300,chset_snda_npc,Miniboss,32,2
# Coliseum (06)
btsc06100,Lightning,Coliseum DLC,h_cl_NA0001,chset_clzb_lig,Boss,39,
btsc06110,Lightning & Amodar,Coliseum DLC,h_cl_NA0001,chset_clzb_lig,Boss,39,
btsc06500,Gilgamesh 1,Coliseum DLC,h_cl_NA0001,chset_clzb_gil,Boss,39,
btsc06510,Gilgamesh 2,Coliseum DLC,h_cl_NA0001,chset_clzb_gil,Boss,39,
btsc06600,Snow,Coliseum DLC,h_cl_NA0001,chset_clzb_snw,Boss,39,
# Archylte (07)
btsc07001,,Archylte,h_gd_NA0000,,Info,,
btsc07002,,Archylte,h_gd_NA0000,,Info,,
btsc07003,,Archylte,h_gd_NA0000,,Info,,
btsc07004,,Archylte,h_gd_NA0000,,Info,,
btsc07021,,Archylte,h_gd_NA0000,,Info,,
btsc07022,,Archylte,h_gd_NA0000,,Info,,
btsc07030,,Archylte,h_gd_NA0000,,Info,,
btsc07031,,Archylte,h_gd_NA0000,,Info,,
btsc07032,,Archylte,h_gd_NA0000,,Info,,
btsc07040,Rare (Vouivre),Archylte,h_gd_NA0000,,Info,,
btsc07050,Rare (Reaver),Archylte,h_gd_NA0000,,Info,,
btsc07062,Rare (Flangonzola),Archylte,h_gd_NA0000,,Info,,
btsc07090,Rare (Chocobo),Archylte,h_gd_NA0000,,Info,,
btsc07101,,Archylte,h_gd_NA0000,,Info,,
btsc07102,,Archylte,h_gd_NA0000,,Info,,
btsc07103,,Archylte,h_gd_NA0000,,Info,,
btsc07104,,Archylte,h_gd_NA0000,,Info,,
btsc07120,Rare (Red Chocobo),Archylte,h_gd_NA0000,,Info,,
btsc07131,,Archylte,h_gd_NA0000,,Info,,
btsc07132,,Archylte,h_gd_NA0000,,Info,,
btsc07133,,Archylte,h_gd_NA0000,,Info,,
btsc07151,,Archylte,h_gd_NA0000,,Info,,
btsc07152,,Archylte,h_gd_NA0000,,Info,,
btsc07162,,Archylte,h_gd_NA0000,,Info,,
btsc07163,,Archylte,h_gd_NA0000,,Info,,
btsc07173,,Archylte,h_gd_NA0000,,Info,,
btsc07174,,Archylte,h_gd_NA0000,,Info,,
btsc07181,,Archylte,h_gd_NA0000,,Info,,
btsc07182,,Archylte,h_gd_NA0000,,Info,,
btsc07192,,Archylte,h_gd_NA0000,,Info,,
btsc07202,,Archylte,h_gd_NA0000,,Info,,
btsc07301,,Archylte,h_gd_NA0000,,Info,,
btsc07302,,Archylte,h_gd_NA0000,,Info,,
btsc07303,,Archylte,h_gd_NA0000,,Info,,
btsc07320,Rare (Blue Chocobo),Archylte,h_gd_NA0000,,Info,,
btsc07332,,Archylte,h_gd_NA0000,,Info,,
btsc07333,,Archylte,h_gd_NA0000,,Info,,
btsc07334,,Archylte,h_gd_NA0000,,Info,,
btsc07335,,Archylte,h_gd_NA0000,,Info,,
btsc07344,,Archylte,h_gd_NA0000,,Info,,
btsc07363,,Archylte,h_gd_NA0000,,Info,,
btsc07382,,Archylte,h_gd_NA0000,,Info,,
btsc07390,,Archylte,h_gd_NA0000,,Info,,
btsc07401,,Archylte,h_gd_NA0000,,Info,,
btsc07402,,Archylte,h_gd_NA0000,,Info,,
btsc07411,,Archylte,h_gd_NA0000,,Info,,
btsc07412,,Archylte,h_gd_NA0000,,Info,,
btsc07413,,Archylte,h_gd_NA0000,,Info,,
btsc07420,,Archylte,h_gd_NA0000,,Info,,
btsc07421,,Archylte,h_gd_NA0000,,Info,,
btsc07430,,Archylte,h_gd_NA0000,,Info,,
btsc07431,,Archylte,h_gd_NA0000,,Info,,
btsc07432,,Archylte,h_gd_NA0000,,Info,,
btsc07440,Rare (Malebranche),Archylte,h_gd_NA0000,,Info,,
btsc07450,Rare (Fomoire),Archylte,h_gd_NA0000,,Info,,
btsc07502,,Archylte,h_gd_NA0000,,Info,,
btsc07504,,Archylte,h_gd_NA0000,,Info,,
btsc07505,,Archylte,h_gd_NA0000,,Info,,
btsc07510,,Archylte,h_gd_NA0000,,Info,,
btsc07511,,Archylte,h_gd_NA0000,,Info,,
btsc07520,,Archylte,h_gd_NA0000,,Info,,
btsc07600,,Archylte,h_gd_NA0000,,Info,,
btsc07601,,Archylte,h_gd_NA0000,,Info,,
btsc07606,Rare (Major Moblin + Moblin x 3),Archylte,h_gd_NA0000,,Info,,
btsc07610,,Archylte,h_gd_NA0000,,Info,,
btsc07611,,Archylte,h_gd_NA0000,,Info,,
btsc07612,,Archylte,h_gd_NA0000,,Info,,
btsc07620,,Archylte,h_gd_NA0000,,Info,,
btsc07622,,Archylte,h_gd_NA0000,,Info,,
btsc07623,,Archylte,h_gd_NA0000,,Info,,
btsc07630,,Archylte,h_gd_NA0000,,Info,,
btsc07700,,Archylte,h_gd_NA0000,,Info,,
btsc07701,,Archylte,h_gd_NA0000,,Info,,
btsc07702,,Archylte,h_gd_NA0000,,Info,,
btsc07712,,Archylte,h_gd_NA0000,,Info,,
btsc07713,,Archylte,h_gd_NA0000,,Info,,
btsc07721,,Archylte,h_gd_NA0000,,Info,,
btsc07723,,Archylte,h_gd_NA0000,,Info,,
btsc07724,,Archylte,h_gd_NA0000,,Info,,
btsc07725,,Archylte,h_gd_NA0000,,Info,,
btsc07726,,Archylte,h_gd_NA0000,,Info,,
btsc07727,,Archylte,h_gd_NA0000,,Info,,
btsc07800,Long Gui,Archylte,h_gd_NA0000,chset_gdza_p2h,Superboss,39,
btsc07810,Immortal,Archylte,h_gd_NA0000,chset_gdza_p2s,Miniboss,39,
btsc07820,Ochu,Archylte,h_gd_NA0000,chset_gdza_p3r,Miniboss,39,
btsc07830,Yomi,Archylte,h_gd_NA0000,chset_gdza_p3t,Superboss,39,
btsc07850,Gigantuar,Archylte,h_gd_NA0000,,Info|Miniboss,,
btsc07855,Rare (Metal Gigantuar),Archylte,h_gd_NA0000,,Info,,
btsc07860,Rare (Cactuar),Archylte,h_gd_NA0000,,Info,,
btsc07865,Rare (Flowering Cactuar),Archylte,h_gd_NA0000,,Info,,
btsc07870,Rare (Metallicactuar),Bodhum 700/Dying World 700/Void Beyond,h_hm_AD0700|h_dd_AD0700|h_sp_NA0001|h_sp_NA0100,,Info,,
btsc07875,Rare (Cactuaroni),Archylte,h_gd_NA0000,,Info,,
# Academia (08)
btsc08000,,Academia 400,h_ac_AD0400,chset_acea_001|chset_acea_002,,39,
btsc08001,,Academia 400,h_ac_AD0400,chset_acea_001|chset_acea_002,,39,
btsc08002,,Academia 400,h_ac_AD0400,chset_acea_001|chset_acea_002,,39,
btsc08003,,Academia 400,h_ac_AD0400,chset_acea_001|chset_acea_002,,39,
btsc08010,,Academia 400,h_ac_AD0400,chset_acea_001|chset_acea_002,,39,
btsc08011,,Academia 400,h_ac_AD0400,chset_acea_001|chset_acea_002,,39,
btsc08012,,Academia 400,h_ac_AD0400,chset_acea_001|chset_acea_002,,39,
btsc08013,,Academia 400,h_ac_AD0400,chset_acea_001|chset_acea_002,,39,
btsc08014,,Academia 400,h_ac_AD0400,chset_acea_001|chset_acea_002,,39,
btsc08020,,Academia 400,h_ac_AD0400,chset_acea_001|chset_acea_002,,39,
btsc08021,,Academia 400,h_ac_AD0400,chset_acea_001|chset_acea_002,,39,
btsc08022,,Academia 400,h_ac_AD0400,chset_acea_001|chset_acea_002,,39,
btsc08023,,Academia 400,h_ac_AD0400,chset_acea_001,,39,
btsc08030,,Academia 400,h_ac_AD0400,,Info,,
btsc08031,,Academia 400,h_ac_AD0400,,Info,,
btsc08032,,Academia 400,h_ac_AD0400,chset_acea_001,,39,
btsc08033,,Academia 400,h_ac_AD0400,,Info,,
btsc08040,,Academia 400,h_ac_AD0400,chset_acea_001|chset_acea_002,,39,
btsc08041,,Academia 400,h_ac_AD0400,,Info,,
btsc08050,Geiseric,Academia 400,h_ac_AD0400,chset_acea_002,Miniboss,39,
btsc08501,,Academia 400,h_ac_AD0400,chset_acea_001|chset_acea_002,,39,
btsc08502,,Academia 400,h_ac_AD0400,chset_acea_001|chset_acea_002,,39,
btsc08503,,Academia 400,h_ac_AD0400,chset_acea_001|chset_acea_002,,39,
btsc08510,,Academia 400,h_ac_AD0400,chset_acea_001|chset_acea_002,,39,
btsc08511,,Academia 400,h_ac_AD0400,chset_acea_001|chset_acea_002,,39,
btsc08512,,Academia 400,h_ac_AD0400,chset_acea_001|chset_acea_002,,39,
btsc08513,,Academia 400,h_ac_AD0400,chset_acea_001|chset_acea_002,,39,
btsc08520,,Academia 400,h_ac_AD0400,chset_acea_001|chset_acea_002,,39,
btsc08521,,Academia 400,h_ac_AD0400,chset_acea_001|chset_acea_002,,39,
btsc08522,,Academia 400,h_ac_AD0400,chset_acea_001|chset_acea_002,,39,
btsc08700,,Academia 400,h_ac_AD0400,chset_acea_e030,,39,
btsc08710,,Academia 400,h_ac_AD0400,chset_acea_e060,,39,
btsc08720,,Academia 400,h_ac_AD0400,chset_acea_e060,,39,
# 8800/8810/8820 seem to be some kind of placeholder, not included.
# Augusta (09)
btsc09002,,Augusta 200,h_gt_AD0200,chset_gtca_def,,39,
btsc09004,,Augusta 200,h_gt_AD0200,chset_gtca_def,,39,
btsc09011,,Augusta 200/300,h_gt_AD0200|h_gt_AD0300,chset_gtca_def|chset_gtda_def,,24,
btsc09012,,Augusta 200/300,h_gt_AD0200|h_gt_AD0300,chset_gtca_def|chset_gtda_def,,24,
btsc09021,,Augusta 200,h_gt_AD0200,chset_gtca_def,,39,
btsc09022,,Augusta 200,h_gt_AD0200,chset_gtca_def,,39,
btsc09030,,Augusta 200/300,h_gt_AD0200|h_gt_AD0300,chset_gtca_def|chset_gtda_def,,24,
btsc09031,,Augusta 200,h_gt_AD0200,chset_gtca_def,,39,
btsc09041,,Augusta 200,h_gt_AD0200,chset_gtca_def,,39,
btsc09042,,Augusta 200,h_gt_AD0200,chset_gtca_def,,39,
btsc09051,,Augusta 200,h_gt_AD0200,chset_gtca_def,,39,
btsc09052,,Augusta 200,h_gt_AD0200,chset_gtca_def,,39,
btsc09070,,Augusta 200,h_gt_AD0200,chset_gtca_def,,39,
btsc09080,,Augusta 200,h_gt_AD0200,chset_gtca_def,,39,
btsc09100,,Augusta 300,h_gt_AD0300,chset_gtda_def,,24,
btsc09101,,Augusta 300,h_gt_AD0300,chset_gtda_def,,24,
btsc09102,,Augusta 300,h_gt_AD0300,,Info,,
btsc09110,,Augusta 300,h_gt_AD0300,chset_gtda_def,,24,
btsc09503,,Augusta 200,h_gt_AD0200,chset_gtca_def,,39,
btsc09505,,Augusta 200,h_gt_AD0200,chset_gtca_def,,39,
btsc09510,,Augusta 300,h_gt_AD0300,chset_gtda_def,,24,
btsc09511,,Augusta 200,h_gt_AD0200,chset_gtca_def,,39,
btsc09515,,Augusta 300,h_gt_AD0300,chset_gtda_def,,24,
btsc09517,,Augusta 200,h_gt_AD0200,chset_gtca_def,,39,
btsc09518,,Augusta 200/300,h_gt_AD0200|h_gt_AD0300,chset_gtca_def|chset_gtda_def,,24,
btsc09521,,Augusta 200,h_gt_AD0200,chset_gtca_def,,39,
btsc09541,,Augusta 200,h_gt_AD0200,chset_gtca_def,,39,
btsc09550,,Augusta 200,h_gt_AD0200,chset_gtca_def,,39,
btsc09555,,Augusta 200,h_gt_AD0200,chset_gtca_def,,39,
btsc09557,,Augusta 200,h_gt_AD0200,chset_gtca_def,,39,
btsc09559,,Augusta 200,h_gt_AD0200,chset_gtca_def,,39,
btsc09560,,Augusta 200,h_gt_AD0200,chset_gtca_def,,39,
btsc09600,,Augusta 300,h_gt_AD0300,chset_gtda_def,,24,
btsc09610,,Augusta 300,h_gt_AD0300,chset_gtda_def,,24,
btsc09620,,Augusta 300,h_gt_AD0300,chset_gtda_def,,24,
btsc09621,,Augusta 300,h_gt_AD0300,chset_gtda_def,,24,
btsc09622,,Augusta 300,h_gt_AD0300,chset_gtda_def,,24,
btsc09830,,Augusta 200,h_gt_AD0200,chset_gtca_def,,39,
btsc09900,,Augusta 200,h_gt_AD0200,chset_gtca_def,,39,
btsc09910,,Augusta 200,h_gt_AD0200,chset_gtca_def,,39,
btsc09920,,Augusta 200,h_gt_AD0200,chset_gtca_def,,39,
# Academia 500 (11)
btsc11020,Rare (Mánagarmr),Academia 500,h_ac_AD0500,,Info,,
btsc11030,Apkallu,Academia 500,h_ac_AD0500,,Info|Miniboss,,
btsc11064,,Academia 500,h_ac_AD0500,,Info,,
btsc11066,,Academia 500,h_ac_AD0500,,Info,,
btsc11110,Tezcatlipoca,Academia 500,h_ac_AD0500,,Info,,
btsc11601,,Bodhum 700/Dying World 700/Void Beyond/Bodhum 3X,h_hm_AD0700|h_dd_AD0700|h_sp_NA0100|h_hp_AD0003,,Info,,
btsc11602,,Bodhum 700/Dying World 700/Void Beyond/Bodhum 3X,h_hm_AD0700|h_dd_AD0700|h_sp_NA0100|h_hp_AD0003,,Info,,
btsc11606,,Academia 500,h_ac_AD0500,,Info,,
btsc11612,,Academia 500,h_ac_AD0500,,Info,,
btsc11613,,Academia 500,h_ac_AD0500,,Info,,
btsc11614,,Academia 500,h_ac_AD0500,,Info,,
btsc11621,,Academia 500,h_ac_AD0500,,Info,,
btsc11630,Rare (Xolotl + Miquiztli),Academia 500,h_ac_AD0500,,Info,,
btsc11900,Caius Void Beyond,Void Beyond,h_sp_NA0001,chset_spza_def,Boss,39,
btsc11909,Caius Void Beyond (Paradox),Void Beyond,h_sp_NA0001,chset_spza_def,Boss,39,
btsc11910,Pacos Amethyst/Luvulite,Academia 500,h_ac_AD0500,chset_acfa_e012,Boss,39,
# Vile Peaks (12)
btsc12000,,Vile Peaks 10,h_vp_AD0010,,Info,,
btsc12001,,Vile Peaks 10,h_vp_AD0010,,Info,,
btsc12010,,Vile Peaks 10,h_vp_AD0010,,Info,,
btsc12011,,Vile Peaks 10,h_vp_AD0010,,Info,,
btsc12020,Rare (Dreadnought),Vile Peaks 10,h_vp_AD0010,,Info,,
btsc12031,,Vile Peaks 10,h_vp_AD0010,,Info,,
btsc12041,,Vile Peaks 10,h_vp_AD0010,,Info,,
btsc12050,Rare (Black Chocobo),Vile Peaks 10,h_vp_AD0010,,Info,,
btsc12201,,Vile Peaks 200,h_vp_AD0200,,Info,,
btsc12202,,Vile Peaks 200,h_vp_AD0200,,Info,,
btsc12203,,Vile Peaks 200,h_vp_AD0200,,Info,,
btsc12211,,Vile Peaks 200,h_vp_AD0200,,Info,,
btsc12231,,Vile Peaks 200,h_vp_AD0200,,Info,,
btsc12250,Rare (Garuda),Vile Peaks 200,h_vp_AD0200,,Info,,
btsc12500,,Vile Peaks 10,h_vp_AD0010,,Info,,
btsc12510,,Vile Peaks 10,h_vp_AD0010,,Info,,
btsc12520,,Vile Peaks 10,h_vp_AD0010,,Info,,
btsc12521,,Vile Peaks 10,h_vp_AD0010,,Info,,
btsc12525,,Vile Peaks 10,h_vp_AD0010,,Info,,
btsc12530,,Vile Peaks 10,h_vp_AD0010,,Info,,
btsc12540,,Vile Peaks 10,h_vp_AD0010,,Info,,
btsc12600,,Vile Peaks 200,h_vp_AD0200,,Info,,
btsc12601,,Vile Peaks 200,h_vp_AD0200,,Info,,
btsc12602,,Vile Peaks 200,h_vp_AD0200,,Info,,
btsc12610,,Vile Peaks 200,h_vp_AD0200,,Info,,
btsc12611,,Vile Peaks 200,h_vp_AD0200,,Info,,
btsc12620,,Vile Peaks 200,h_vp_AD0200,,Info,,
btsc12621,,Vile Peaks 200,h_vp_AD0200,,Info,,
btsc12800,Twilight Odin,Vile Peaks 10,h_vp_AD0010,,Info|Boss,,
btsc12810,Twilight Odin,Vile Peaks 200,h_vp_AD0200,,Info|Boss,,
# 700 AF (13)
btsc13001,,Bodhum 700/Dying World/Void Beyond,h_hm_AD0700|h_dd_AD0700|h_sp_NA0100,,Info,,
btsc13002,,Bodhum 700/Dying World/Void Beyond,h_hm_AD0700|h_dd_AD0700|h_sp_NA0100,,Info,,
btsc13003,,Bodhum 700/Dying World/Void Beyond,h_hm_AD0700|h_dd_AD0700|h_sp_NA0100,,Info,,
btsc13011,,Bodhum 700/Dying World/Void Beyond,h_hm_AD0700|h_dd_AD0700|h_sp_NA0100,,Info,,
btsc13012,,Bodhum 700/Dying World/Void Beyond,h_hm_AD0700|h_dd_AD0700|h_sp_NA0100,,Info,,
btsc13900,Caius Dying World,Dying World,h_dd_AD0700,chset_ddha_e030,Boss,39,
btsc13909,Caius Dying World Paradox,Dying World,h_dd_AD0700,chset_ddha_e030,Boss,39,
btsc13950,Gogmagog Gamma,Dying World,h_dd_AD0700,chset_ddha_e040,Boss,39,
# 700 AF + 3X (14)
btsc14000,,Bodhum 700/Dying World/Void Beyond/Bodhum 3X,h_hm_AD0700|h_dd_AD0700|h_sp_NA0100|h_hp_AD0003,,Info,,
btsc14001,,Bodhum 700/Dying World/Void Beyond/Bodhum 3X,h_hm_AD0700|h_dd_AD0700|h_sp_NA0100|h_hp_AD0003,,Info,,
btsc14002,,Bodhum 700/Dying World/Void Beyond/Bodhum 3X,h_hm_AD0700|h_dd_AD0700|h_sp_NA0100|h_hp_AD0003,,Info,,
btsc14500,,Bodhum 700/Dying World/Void Beyond/Bodhum 3X,h_hm_AD0700|h_dd_AD0700|h_sp_NA0100|h_hp_AD0003,,Info,,
btsc14501,,Bodhum 700/Dying World/Void Beyond/Bodhum 3X,h_hm_AD0700|h_dd_AD0700|h_sp_NA0100|h_hp_AD0003,,Info,,
btsc14505,,Bodhum 700/Dying World/Void Beyond/Bodhum 3X,h_hm_AD0700|h_dd_AD0700|h_sp_NA0100|h_hp_AD0003,,Info,,
btsc14506,,Bodhum 700/Dying World/Void Beyond/Bodhum 3X,h_hm_AD0700|h_dd_AD0700|h_sp_NA0100|h_hp_AD0003,,Info,,
btsc14510,,Bodhum 700/Dying World/Void Beyond/Bodhum 3X,h_hm_AD0700|h_dd_AD0700|h_sp_NA0100|h_hp_AD0003,,Info,,
# Final Bosses (15)
btsc15900,Chaos Bahamut,Ending,h_ac_AD0500,chset_lsza_d01a,Boss,39,
btsc15910,Caius Deck,Ending,h_ac_AD0500,chset_lsza_d01a,Boss,39,
btsc15950,Caius Beach,Ending,h_ac_AD0500,chset_lsza_d01a,Boss,39,
btsc15990,Jet Bahamut,Ending,h_ac_AD0500,chset_lsza_d03b,Boss,39,