ID,Name,Category,Rank,Traits,Override Buy Price,Override Sell Price,Override Count
# Accessories
acc_000_000,Iron Bangle,Accessory,1,,,,
acc_000_001,Silver Bangle,Accessory,1,,,,
acc_000_004,Gold Bangle,Accessory,1,,,,
acc_000_010,Delicate Iron Bangle,Accessory,1,,,,
acc_000_011,Durable Iron Bangle,Accessory,1,,,,
acc_000_012,Delicate Silver Bangle,Accessory,1,,,,
acc_000_013,Durable Silver Bangle,Accessory,1,,,,
acc_000_014,Delicate Gold Bangle,Accessory,1,,,,
acc_000_015,Durable Gold Bangle,Accessory,1,,,,
acc_000_100,Power Wristband,Accessory,1,,,,
acc_000_101,Brawler's Wristband,Accessory,1,,,,
acc_000_104,Kaiser Knuckles,Accessory,1,,,,
acc_000_105,Delicate Power Wristband,Accessory,1,,,,
acc_000_106,Durable Power Wristband,Accessory,1,,,,
acc_000_107,Delicate Brawler's Wristband,Accessory,1,,,,
acc_000_108,Durable Brawler's Wristband,Accessory,1,,,,
acc_000_109,Durable Kaiser Knuckles,Accessory,1,,,,
acc_000_200,Magician's Mark,Accessory,1,,,,
acc_000_201,Shaman's Mark,Accessory,1,,,,
acc_000_204,Magistral Crest,Accessory,1,,,,
acc_000_205,Delicate Magician's Mark,Accessory,1,,,,
acc_000_206,Durable Magician's Mark,Accessory,1,,,,
acc_000_207,Delicate Shaman's Mark,Accessory,1,,,,
acc_000_208,Durable Shaman's Mark,Accessory,1,,,,
acc_000_209,Durable Magistral Crest,Accessory,1,,,,
acc_000_300,Black Belt,Accessory,1,,,,
acc_000_301,General's Belt,Accessory,1,,,,
acc_000_303,Delicate Black Belt,Accessory,1,,,,
acc_000_304,Durable Black Belt,Accessory,1,,,,
acc_000_305,Delicate General's Belt,Accessory,1,,,,
acc_000_306,Durable General's Belt,Accessory,1,,,,
acc_000_400,Rune Bracelet,Accessory,1,,,,
acc_000_401,Witch's Bracelet,Accessory,1,,,,
acc_000_403,Delicate Rune Bracelet,Accessory,1,,,,
acc_000_404,Durable Rune Bracelet,Accessory,1,,,,
acc_000_405,Delicate Witch's Bracelet,Accessory,1,,,,
acc_000_406,Durable Witch's Bracelet,Accessory,1,,,,
acc_000_500,Royal Armlet,Accessory,1,,,,
acc_000_502,Delicate Royal Armlet,Accessory,1,,,,
acc_000_503,Durable Royal Armlet,Accessory,1,,,,
acc_001_000,Ember Ring,Accessory,1,,,,
acc_001_001,Blaze Ring,Accessory,1,,,,
acc_001_003,Delicate Ember Ring,Accessory,1,,,,
acc_001_004,Durable Ember Ring,Accessory,1,,,,
acc_001_005,Delicate Blaze Ring,Accessory,1,,,,
acc_001_006,Durable Blaze Ring,Accessory,1,,,,
acc_002_000,Frost Ring,Accessory,1,,,,
acc_002_001,Icicle Ring,Accessory,1,,,,
acc_002_003,Delicate Frost Ring,Accessory,1,,,,
acc_002_004,Durable Frost Ring,Accessory,1,,,,
acc_002_005,Delicate Icicle Ring,Accessory,1,,,,
acc_002_006,Durable Icicle Ring,Accessory,1,,,,
acc_003_000,Spark Ring,Accessory,1,,,,
acc_003_001,Fulmen Ring,Accessory,1,,,,
acc_003_003,Delicate Spark Ring,Accessory,1,,,,
acc_003_004,Durable Spark Ring,Accessory,1,,,,
acc_003_005,Delicate Fulmen Ring,Accessory,1,,,,
acc_003_006,Durable Fulmen Ring,Accessory,1,,,,
acc_005_000,Zephyr Ring,Accessory,1,,,,
acc_005_001,Gale Ring,Accessory,1,,,,
acc_005_003,Delicate Zephyr Ring,Accessory,1,,,,
acc_005_004,Durable Zephyr Ring,Accessory,1,,,,
acc_005_005,Delicate Gale Ring,Accessory,1,,,,
acc_005_006,Durable Gale Ring,Accessory,1,,,,
acc_007_000,Entite Ring,Accessory,1,,,,
acc_007_001,Delicate Entite Ring,Accessory,1,,,,
acc_007_002,Durable Entite Ring,Accessory,1,,,,
acc_011_000,Metal Armband,Accessory,1,,,,
acc_011_002,Delicate Metal Armband,Accessory,1,,,,
acc_011_003,Durable Metal Armband,Accessory,1,,,,
acc_012_000,Serenity Sachet,Accessory,1,,,,
acc_012_002,Delicate Serenity Sachet,Accessory,1,,,,
acc_012_003,Durable Serenity Sachet,Accessory,1,,,,
acc_014_000,Star Pendant,Accessory,1,,,,
acc_014_002,Delicate Star Pendant,Accessory,1,,,,
acc_014_003,Durable Star Pendant,Accessory,1,,,,
acc_015_000,Pearl Necklace,Accessory,1,,,,
acc_015_002,Delicate Pearl Necklace,Accessory,1,,,,
acc_015_003,Durable Pearl Necklace,Accessory,1,,,,
acc_016_000,Warding Talisman,Accessory,1,,,,
acc_016_002,Delicate Warding Talisman,Accessory,1,,,,
acc_016_003,Durable Warding Talisman,Accessory,1,,,,
acc_017_000,Pain Dampener,Accessory,1,,,,
acc_017_002,Delicate Pain Dampener,Accessory,1,,,,
acc_017_003,Durable Pain Dampener,Accessory,1,,,,
acc_018_000,White Cape,Accessory,1,,,,
acc_018_002,Delicate White Cape,Accessory,1,,,,
acc_018_003,Durable White Cape,Accessory,1,,,,
acc_021_000,Obsidian Choker,Accessory,1,,,,
acc_021_002,Delicate Obsidian Choker,Accessory,1,,,,
acc_021_003,Durable Obsidian Choker,Accessory,1,,,,
acc_023_000,Ribbon,Accessory,1,,,,
acc_023_003,Delicate Ribbon,Accessory,1,,,,
acc_025_000,Guardian Amulet,Accessory,1,,,,
acc_025_002,Delicate Guardian Amulet,Accessory,1,,,,
acc_025_003,Durable Guardian Amulet,Accessory,1,,,,
acc_026_000,Auric Amulet,Accessory,1,,,,
acc_026_002,Delicate Auric Amulet,Accessory,1,,,,
acc_026_003,Durable Auric Amulet,Accessory,1,,,,
acc_027_000,Watchman's Amulet,Accessory,1,,,,
acc_027_002,Delicate Watchman's Amulet,Accessory,1,,,,
acc_027_003,Durable Watchman's Amulet,Accessory,1,,,,
acc_028_000,Hero's Amulet,Accessory,1,,,,
acc_028_002,Delicate Hero's Amulet,Accessory,1,,,,
acc_028_003,Durable Hero's Amulet,Accessory,1,,,,
acc_029_000,Saint's Amulet,Accessory,1,,,,
acc_029_002,Delicate Saint's Amulet,Accessory,1,,,,
acc_029_003,Durable Saint's Amulet,Accessory,1,,,,
acc_030_000,Hermes Sandals,Accessory,1,,,,
acc_030_002,Delicate Hermes Sandals,Accessory,1,,,,
acc_030_003,Durable Hermes Sandals,Accessory,1,,,,
acc_035_000,Zealot's Amulet,Accessory,1,,,,
acc_035_002,Delicate Zealot's Amulet,Accessory,1,,,,
acc_035_003,Durable Zealot's Amulet,Accessory,1,,,,
acc_039_000,Collector Catalog,Accessory,1,,,,
acc_039_002,Delicate Collector Catalog,Accessory,1,,,,
acc_039_003,Durable Collector Catalog,Accessory,1,,,,
acc_055_000,Sniper's Eye,Accessory,1,,,,
acc_055_001,Delicate Sniper's Eye,Accessory,1,,,,
acc_055_002,Durable Sniper's Eye,Accessory,1,,,,
acc_056_000,Twist Headband,Accessory,1,,,,
acc_056_001,Delicate Twist Headband,Accessory,1,,,,
acc_056_002,Durable Twist Headband,Accessory,1,,,,
acc_057_000,Bloodguard,Accessory,1,,,,
acc_057_001,Delicate Bloodguard,Accessory,1,,,,
acc_057_002,Durable Bloodguard,Accessory,1,,,,
acc_058_000,Hypnocrown,Accessory,1,,,,
acc_058_001,Delicate Hypnocrown,Accessory,1,,,,
acc_058_002,Durable Hypnocrown,Accessory,1,,,,
acc_059_000,Grimoire Hat,Accessory,1,,,,
acc_059_001,Durable Grimoire Hat,Accessory,1,,,,
acc_060_000,Fire Aegis,Accessory,1,,,,
acc_060_001,Delicate Fire Aegis,Accessory,1,,,,
acc_061_000,Ice Aegis,Accessory,1,,,,
acc_061_001,Delicate Ice Aegis,Accessory,1,,,,
acc_062_000,Lightning Aegis,Accessory,1,,,,
acc_062_001,Delicate Lightning Aegis,Accessory,1,,,,
acc_063_000,Wind Aegis,Accessory,1,,,,
acc_063_001,Delicate Wind Aegis,Accessory,1,,,,
acc_064_000,Martyr's Badge,Accessory,1,,,,
acc_065_000,Martyr's Emblem,Accessory,1,,,,
acc_066_000,Berserker's Ruby,Accessory,1,,,,
acc_067_000,Blaster's Sapphire,Accessory,1,,,,
acc_068_000,Defender's Topaz,Accessory,1,,,,
acc_069_000,Impeder's Opal,Accessory,1,,,,
acc_070_000,Supporter's Amethyst,Accessory,1,,,,
acc_071_000,Healer's Emerald,Accessory,1,,,,
acc_075_000,Stiltzkin's Diary,Accessory,1,DLC,,,
acc_075_001,Durable Stiltzkin's Diary,Accessory,1,DLC,,,
acc_076_000,Diva's Microphone,Accessory,1,DLC,,,
acc_076_001,Delicate Diva's Microphone,Accessory,1,DLC,,,
acc_077_000,Diva's Headphones,Accessory,1,DLC,,,
acc_077_001,Delicate Diva's Headphones,Accessory,1,DLC,,,
acc_078_000,Goddess's Bangle,Accessory,1,DLC,,,
acc_078_001,Delicate Goddess's Bangle,Accessory,1,DLC,,,
acc_079_000,Goddess's Earring,Accessory,1,DLC,,,
acc_079_001,Delicate Goddess's Earring,Accessory,1,DLC,,,
acc_080_000,Genji Glove,Accessory,1,,,,
acc_080_001,Delicate Genji Glove,Accessory,1,,,,
acc_081_000,Genji Shield,Accessory,1,,,,
acc_081_001,Delicate Genji Shield,Accessory,1,,,,
acc_082_000,Lightning Cross,Accessory,1,,,,
acc_083_000,Sergeant's Badge,Accessory,1,,,,
acc_084_000,Genji Helm,Accessory,1,,,,
acc_084_001,Delicate Genji Helm,Accessory,1,,,,
acc_085_000,Bloody Medallion,Accessory,1,,,,
acc_086_000,Colonel's Glasses,Accessory,1,,,,
acc_087_000,Snow's Bandanna,Accessory,1,,,,
cc_gysahl,Gysahl Greens,Item,1,,,,
cs_chip_00,Casino Ticket,Item,1,Casino,,,
cs_chip_01,Gold Casino Ticket,Item,1,Casino,,,
cs_chip_02,Platinum Casino Ticket,Item,1,Casino,,,
cs_cond_00,Chocoboost,Item,1,Casino,,,
cs_cond_01,Chocobull,Item,1,Casino,,,
cs_race_00,Shuffle,Item,1,Casino,,,
cs_race_01,Shuffle (Common),Item,1,Casino,,,
cs_race_02,Shuffle (Graded),Item,1,Casino,,,
e003,Lucky Clover,Adornment,1,,,,
e004,Tropical Tree,Adornment,1,,,,
e010,Single Horn,Adornment,1,,,,
e011,Antler,Adornment,1,,,,
e013,Shooting Star,Adornment,1,,,,
e014,Cute Heart,Adornment,1,,,,
e015,Halo,Adornment,1,,,,
e016,Zwerg Ring,Adornment,1,,,,
e019,Light Bulb,Adornment,1,,,,
e023,Cie'th Wing,Adornment,1,,,,
e024,Moogle Wing,Adornment,1,,,,
e026,Coronet,Adornment,1,,,,
e027,Crown,Adornment,1,,,,
e030,Train Conductor Cap,Adornment,1,,,,
e031,Train Conductor Beret,Adornment,1,,,,
e032,Wizard's Hat,Adornment,1,,,,
e033,Academic's Hat,Adornment,1,,,,
e034,Chet's Hat,Adornment,1,,,,
e037,Bunny Ears,Adornment,1,,,,
e038,Onion Knight's Helm,Adornment,1,,,,
e039,Gold Anchor,Adornment,1,,,,
e041,Tonberry's Lantern,Adornment,1,,,,
e042,Summoner's Mask,Adornment,1,,,,
e043,Ripe Apple,Adornment,1,,,,
e044,Pumpkin Head,Adornment,1,,,,
e046,Crystal Rose,Adornment,1,,,,
e047,Crystal Tear,Adornment,1,,,,
e048,Crystal Heart,Adornment,1,,,,
e049,Crystal Feather,Adornment,1,,,,
e050,Crystal Petal,Adornment,1,,,,
e051,Crystal Apple,Adornment,1,,,,
e052,Crystal Star,Adornment,1,,,,
e053,Musical Bell,Adornment,1,,,,
e060,Mark of the l'Cie,Adornment,1,,,,
e061,Mark of Lindzei,Adornment,1,,,,
e062,Mark of Etro,Adornment,1,,,,
e065,Rangda Crst,Adornment,1,,,,
e066,Leyak Crest,Adornment,1,,,,
e067,Behemoth Crest,Adornment,1,,,,
e068,Canned Sheep Logo,Adornment,1,,,,
e069,Canned Coyo Logo,Adornment,1,,,,
e070,Dajh's Patch,Adornment,1,,,,
e072,Unicorn Mart Logo,Adornment,1,,,,
e073,Stormy Motors Logo,Adornment,1,,,,
e074,Flower Pattern,Adornment,1,,,,
e078,Frying Pan,Adornment,1,,,,
e079,Grudge Knife,Adornment,1,,,,
e080,Staff of Judgment,Adornment,1,,,,
e081,Mog's Clock,Adornment,1,,,,
e083,Fragment Crystal,Adornment,1,,,,
e090,Cactuar Figurine,Adornment,1,,,,
e091,Cute Cactuar Figurine,Adornment,1,,,,
e092,Carbuncle Figurine,Adornment,1,,,,
e093,Mog Figurine,Adornment,1,,,,
e094,Mini Flan Figurine,Adornment,1,,,,
e096,Tonberry Figurine,Adornment,1,,,,
e097,Wooly Sheep Figurine,Adornment,1,,,,
e098,Afro,Adornment,1,,,,
e103,Bandaid,Adornment,1,,,,
e107,Caius's Sword,Adornment,1,,,,
e108,Serah Mask,Adornment,1,,,,
e109,Lightning Mask,Adornment,1,,,,
e110,Mog Mask,Adornment,1,,,,
e111,Retro Serah Mask,Adornment,1,,,,
e112,Retro Lightning Mask,Adornment,1,,,,
e113,Retro Mog Mask,Adornment,1,,,,
e200,Blue Flower,Adornment,1,,,,
e201,Pink Flower,Adornment,1,,,,
e202,White Flower,Adornment,1,,,,
e203,Purple Flower,Adornment,1,,,,
e204,White Tree,Adornment,1,,,,
e205,Suspicious Mushroom,Adornment,1,,,,
e206,Toxic Mushroom,Adornment,1,,,,
e207,Blue Butterfly,Adornment,1,,,,
e208,Yellow Butterfly,Adornment,1,,,,
e209,Gold Windup Key,Adornment,1,,,,
e210,Aqua Ribbon,Adornment,1,,,,
e211,Pink Ribbon,Adornment,1,,,,
e212,Gold Gear,Adornment,1,,,,
e213,Red Chocobo Figurine,Adornment,1,,,,
e214,Blue Chocobo Figurine,Adornment,1,,,,
e215,Purple Chocobo Figurine,Adornment,1,,,,
e216,White Chocobo Figurine,Adornment,1,,,,
e217,Black Chocobo Figurine,Adornment,1,,,,
e218,Silver Chocobo Figurine,Adornment,1,,,,
e219,Gold Chocobo Figurine,Adornment,1,,,,
e220,Youthful Parasol,Adornment,1,,,,
e221,Sentimental Parasol,Adornment,1,,,,
e222,Blue Propeller,Adornment,1,,,,
e223,Red Propeller,Adornment,1,,,,
e224,Blue Moogle Bobble,Adornment,1,,,,
e226,Aqua Fairy Wings,Adornment,1,,,,
e227,Snowy Fairy Wings,Adornment,1,,,,
e228,Orange Newsboy Cap,Adornment,1,,,,
e229,Pink Newsboy Cap,Adornment,1,,,,
e230,Red Silk Hat,Adornment,1,,,,
e231,Sky Blue Silk Hat,Adornment,1,,,,
e232,Blue Mage's Chapeau,Adornment,1,,,,
e233,Pink Party Hat,Adornment,1,,,,
e234,Blue Party Hat,Adornment,1,,,,
e235,Tranquil Headdress,Adornment,1,,,,
e236,Whimsical Headdress,Adornment,1,,,,
e237,Strawberry Ice Cream,Adornment,1,,,,
e238,Rum Raisin Ice Cream,Adornment,1,,,,
e239,Yellow Bow Tie,Adornment,1,,,,
e240,Orange Bow Tie,Adornment,1,,,,
e241,Yellow-Rimmed Glasses,Adornment,1,,,,
e242,Pink-Rimmed Glasses,Adornment,1,,,,
e243,Gold Shades,Adornment,1,,,,
e244,Violet Shades,Adornment,1,,,,
e245,Masquerade Mask,Adornment,1,,,,
e246,Carnival Mask,Adornment,1,,,,
e247,White Bushy Mustache,Adornment,1,,,,
e248,Brown Bushy Mustache,Adornment,1,,,,
e251,Lebreau's Black Tattoo,Adornment,1,,,,
e252,Lebreau's Olive Tattoo,Adornment,1,,,,
e253,Gadot's Black Emblem,Adornment,1,,,,
e254,Gadot's Blue Emblem,Adornment,1,,,,
e255,Black Tattoo,Adornment,1,,,,
e256,Pink Tattoo,Adornment,1,,,,
e257,Sky Blue NORA Symbol,Adornment,1,,,,
e258,Green NORA Symbol,Adornment,1,,,,
e259,Blue Feather Hairpin,Adornment,1,,,,
e260,Dusk Feather Hairpin,Adornment,1,,,,
e261,Long Gui Backpack,Adornment,1,,,,
e262,Sahagin Hide Backpack,Adornment,1,,,,
e263,Blue Beacon,Adornment,1,,,,
e264,Red Beacon,Adornment,1,,,,
e265,Guard's Ravager Badge,Adornment,1,,,,
e266,Red Commando Badge,Adornment,1,,,,
e267,Guard's Medic Badge,Adornment,1,,,,
e268,Blue Pilot's Badge,Adornment,1,,,,
e269,Orange Pilot's Badge,Adornment,1,,,,
e270,Green Pilot's Badge,Adornment,1,,,,
e271,Blue PSICOM Spaulders,Adornment,1,,,,
e272,Red PSICOM Spaulders,Adornment,1,,,,
e273,Green PSICOM Spaulders,Adornment,1,,,,
e274,Silver Medal,Adornment,1,,,,
e275,Bronze Medal,Adornment,1,,,,
e278,Red Chocobo Chick,Adornment,1,,,,
e279,Blue Chocobo Chick,Adornment,1,,,,
e280,Purple Chocobo Chick,Adornment,1,,,,
e281,White Chocobo Chick,Adornment,1,,,,
e282,Black Chocobo Chick,Adornment,1,,,,
e283,Silver Chocobo Chick,Adornment,1,,,,
e284,Gold Chocobo Chick,Adornment,1,,,,
e285,Afro & Red Chick,Adornment,1,,,,
e286,Afro & Blue Chick,Adornment,1,,,,
e287,Afro & Purple Chick,Adornment,1,,,,
e288,Afro & White Chick,Adornment,1,,,,
e289,Afro & Black Chick,Adornment,1,,,,
e290,Afro & Silver Chick,Adornment,1,,,,
e291,Afro & Gold Chick,Adornment,1,,,,
e292,Silver Padlock,Adornment,1,,,,
e293,Long Gui's Shell,Adornment,1,,,,
e294,White Guitar,Adornment,1,,,,
e295,Blue Guitar,Adornment,1,,,,
e296,Lower Rank Insignia,Adornment,1,,,,
e297,PSICOM Lapel Pin,Adornment,1,,,,
e298,Gold Brooch,Adornment,1,,,,
e301,Golden Flower,Adornment,1,,,,
e302,Crimson Flower,Adornment,1,,,,
e303,Festive Tree,Adornment,1,,,,
e304,Delicious Mushroom,Adornment,1,,,,
e305,Orange Butterfly,Adornment,1,,,,
e306,Silver Windup Key,Adornment,1,,,,
e307,Yellow Ribbon,Adornment,1,,,,
e308,Silver Gear,Adornment,1,,,,
e309,Chocobo Figurine,Adornment,1,,,,
e310,Summery Parasol,Adornment,1,,,,
e311,Yellow Propeller,Adornment,1,,,,
e312,Pink Moogle Bobble,Adornment,1,,,,
e313,Fairy Wings,Adornment,1,,,,
e314,Sky Blue Newsboy Cap,Adornment,1,,,,
e315,Silk Hat,Adornment,1,,,,
e316,Red Mage's Chapeau,Adornment,1,,,,
e317,Party Hat,Adornment,1,,,,
e318,Headdress of Courage,Adornment,1,,,,
e319,Mint Chip Ice Cream,Adornment,1,,,,
e320,Red Bow Tie,Adornment,1,,,,
e321,Black-Rimmed Glasses,Adornment,1,,,,
e322,Vacationer's Shades,Adornment,1,,,,
e323,Queen's Mask,Adornment,1,,,,
e324,Bushy Mustache,Adornment,1,,,,
e326,Lebreau's Violet Tattoo,Adornment,1,,,,
e327,Gadot's Red Emblem,Adornment,1,,,,
e328,Tattoo,Adornment,1,,,,
e329,NORA Symbol,Adornment,1,,,,
e330,Chocobo Feather Pin,Adornment,1,,,,
e331,Dragon Hide Backpack,Adornment,1,,,,
e332,Orange Beacon,Adornment,1,,,,
e333,Guardian Corps Badge,Adornment,1,,,,
e334,Pilot's Badge,Adornment,1,,,,
e335,Silver PSICOM Spaulders,Adornment,1,,,,
e336,Gold Medal,Adornment,1,,,,
e338,Chocobo Chick,Adornment,1,,,,
e339,Yellow Chick in Afro,Adornment,1,,,,
e340,Gold Padlock,Adornment,1,,,,
e341,Adamantoise Shell,Adornment,1,,,,
e342,Electric Guitar,Adornment,1,,,,
e343,Upper Rank Insignia,Adornment,1,,,,
e344,PSICOM Officer Pin,Adornment,1,,,,
e345,Silver Brooch,Adornment,1,,,,
# Fragments (added)
frg_cmn_hmaa001,Gogmagog Fragment Alpha,Fragment,1,Fragment|Event|Bodhum3|frgmb,,,
frg_cmn_hmaa002,Gogmagog Fragment Beta,Fragment,1,Fragment|Event|Bodhum3|frgmb,,,
frg_cmn_hmha001,Hope's Message,Fragment,1,Fragment,,,
frg_cmn_hmha002,Noel's Message,Fragment,1,Fragment,,,
frg_cmn_hmha003,Serah's Message,Fragment,1,Fragment,,,
frg_cmn_bjaa001,Atlas Fragment,Fragment,1,Fragment|frgmb|Bresha5,,,
frg_pzl_bjaa001,Delicate Crystal,Fragment,1,Fragment|Bresha5|frgmw,,,
frg_cmn_clza001,White Hole Gem,Fragment,1,Fragment,,,
frg_cmn_gdza003,Crimson Crystal,Fragment,1,Fragment|GDChoco,,,
frg_cmn_gdza004,Azure Crystal,Fragment,1,Fragment|GDChoco,,,
frg_cmn_gdza005,Forest Crystal,Fragment,1,Fragment|GDChoco,,,
frg_cmn_gdza006,Amber Crystal,Fragment,1,Fragment|GDChoco,,,
frg_cmn_gdza007,Violet Crystal,Fragment,1,Fragment|GDChoco,,,
frg_cmn_gtca001,Proto Fal'Cie Adam Fragment,Fragment,1,Fragment|frgmb,,,
frg_cmn_gvtn001,Graviton Core Alpha,Graviton,1,Graviton|Fragment|Bodhum3,,,
frg_cmn_gvtn002,Graviton Core Beta,Graviton,1,Graviton|Fragment|Bresha5,,,
frg_cmn_gvtn003,Graviton Core Gamma,Graviton,1,Graviton|Fragment|Oerba200,,,
frg_cmn_gvtn004,Graviton Core Delta,Graviton,1,Graviton|Fragment,,,
frg_cmn_gvtn005,Graviton Core Epsilon,Graviton,1,Graviton|Fragment|Yaschas,,,
frg_cmn_gvtn006,Graviton Core Zeta,Graviton,1,Graviton|Fragment,,,
frg_cmn_gvtn007,Graviton Core Eta,Graviton,1,Graviton|Fragment,,,
frg_cmn_gyaa001,Pathos Jewel,Fragment,,Fragment|Yaschas10,,,
frg_cmn_hpaa001,Vanille's Fruit,Fragment,1,Fragment,,,
frg_cmn_hpaa002,Fang's Crown,Fragment,1,Fragment,,,
frg_cmn_pdxe001,Transcript: A Giant Mistake,Fragment,1,Fragment,,,
frg_cmn_pdxe002,Transcript: Vanille's Truth,Fragment,1,Fragment,,,
frg_cmn_pdxe003,Transcript: Mog's Marvelous Flan Plan,Fragment,1,Fragment,,,
frg_cmn_pdxe004,Transcript: Test Subjects,Fragment,1,Fragment,,,
frg_cmn_pdxe005,Transcript: The Future Is Hope,Fragment,1,Fragment,,,
frg_cmn_pdxe006,Transcript: Beneath a Timeless Sky,Fragment,1,Fragment,,,
frg_cmn_pdxe007,Transcript: Heir to Chaos,Fragment,1,Fragment,,,
frg_cmn_pdxe008,Transcript: Fate and Freedom,Fragment,1,Fragment,,,
frg_cmn_snda002,Mutantomato Fragment,Fragment,1,Fragment|frgmb|Sunleth300,,,
frg_cmn_snea001,Lapis Lazuli,Fragment,1,Fragment,,,
frg_cmn_snea002,Heliodor Ore,Fragment,1,Fragment,,,
frg_cmn_snea003,Carnelian,Fragment,1,Fragment,,,
frg_cmn_snea004,Celestine,Fragment,1,Fragment,,,
frg_cmn_snea005,Cosmo Aura,Fragment,1,Fragment,,,
frg_cmn_snea006,Miniflan Fragment,Fragment,1,Fragment|frgmb,,,
frg_cmn_spza001,Etro's Sorrow,Fragment,1,Fragment,,,
frg_cmn_spza002,Pulse's Resolution,Fragment,1,Fragment,,,
frg_cmn_spza003,Lindzei's Desire,Fragment,1,Fragment,,,
frg_cmn_spza004,Mwynn's Tenderness,Fragment,1,Fragment,,,
frg_cmn_spza005,Bhunivelze's Sleep,Fragment,1,Fragment,,,
frg_cmn_vpba001,Baxter's Last Light,Fragment,1,Fragment|Event|frgvp,,,
frg_cmn_vpca001,Torreno's Last Light,Fragment,1,Fragment|Event|frgvp,,,
frg_cmn_vpca005,Falcon's Last Light,Fragment,1,Fragment|frgvp,,,
frg_cmn_gyaa003,Aloeidai Fragment,Fragment,1,Fragment|frgmb|Yaschas10,,,
frg_cmn_acea001,Travel Guide: Bresha Ruins,Fragment,1,Fragment|TravelGuide,,,
frg_cmn_acea002,Travel Guide: New Bodhum,Fragment,1,Fragment|TravelGuide,,,
frg_cmn_acea003,Travel Guide: Yaschas Massif,Fragment,1,Fragment|TravelGuide,,,
frg_cmn_acea004,Travel Guide: Oerba,Fragment,1,Fragment|TravelGuide,,,
frg_cmn_acea005,Travel Guide: Sunleth Waterscape,Fragment,1,Fragment|TravelGuide,,,
frg_cmn_acea006,Travel Guide: Academia,Fragment,1,Fragment|TravelGuide,,,
frg_cmn_acea007,Travel Guide: Augusta Tower,Fragment,1,Fragment|TravelGuide,,,
frg_cmn_acea008,Travel Guide: Vile Peaks,Fragment,1,Fragment|TravelGuide,,,
frg_cmn_acea009,Travel Guide: Archylte Steppe,Fragment,1,Fragment|TravelGuide,,,
frg_cmn_acea010,Travel Guide: A Dying World,Fragment,1,Fragment|TravelGuide,,,
frg_cmn_acea011,Academic Rank: Paradox Professor,Fragment,1,Fragment|frgac,,,
frg_cmn_acea012,Zenobia Fragment,Fragment,1,Fragment|Event|frgmb,,,
frg_cmn_acfa001,Amethyst and Luvulite Fragment,Fragment,1,Fragment|frgmb,,,
frg_cmn_acfa002,Paradox Scope,Fragment,1,Fragment,,,
frg_cmn_ddha001,Gogmagog Fragment Gamma,Fragment,1,Fragment|frgmb,,,
frg_cmn_ddha002,Ultima Brand,Fragment,1,Fragment,,,
frg_cmn_ddha003,Omega Brand,Fragment,1,Fragment,,,
frg_cmn_ddha004,Chaos Brand,Fragment,1,Fragment,,,
frg_cmn_snda003,Extraordinary Egg,Fragment,1,Fragment|Sunleth300,,,
# Fragments (todo/remaining)
frg_cmn_aaea001,Academic Rank: Monster Professor,Fragment,1,Fragment|Fixed|frgac,,,
frg_cmn_aaea002,Stoic Virtue,Fragment,1,Fragment|Fixed,,,
frg_cmn_aaea003,Epicurean Song,Fragment,1,Fragment|Fixed,,,
frg_cmn_aaea004,Lyceum Knowledge,Fragment,1,Fragment|Fixed,,,
frg_cmn_aaea005,Academia Wisdom,Fragment,1,Fragment|Fixed,,,
frg_cmn_bjba001,Ruthenium Ring,Fragment,1,Fragment|Fixed|frgbh|Bresha,,,
frg_cmn_bjba002,Rhodium Ring,Fragment,1,Fragment|Fixed|frgbh|Bresha,,,
frg_cmn_bjba003,Adamantite Ring,Fragment,1,Fragment|Fixed|frgbh|Bresha,,,
frg_cmn_bjba004,Kalavinka Fragment,Fragment,1,Fragment|Fixed|frgmb|Bresha,,,
frg_cmn_bjda001,Platinum Ring,Fragment,1,Fragment|Fixed|frgbh|Bresha,,,
frg_cmn_bjda002,Mythril Ring,Fragment,1,Fragment|Fixed|frgbh|Bresha,,,
frg_cmn_csza001,Lucky Coin,Fragment,1,Fragment|Fixed,,,
key_casino_prz,Priceless Gift,Key|Fragment,1,Fragment|Fixed,,,
frg_cmn_csza003,Chocochick Down,Fragment,1,Fragment|Fixed,,,
key_chaos_cly,Chaos Crystal,Key|Fragment,1,Fragment|Fixed,,,
key_casino_dice,Setzer's Dice,Key|Fragment,1,Fragment|Fixed,,,
frg_cmn_gdza001,Black Hole Gem,Fragment,1,Fragment|Fixed,,,
frg_cmn_gdza002,Long Gui Fragment,Fragment,1,Fragment|Fixed|frgmb,,,
frg_cmn_gdza008,Fragment of Invincibility,Fragment,1,Fragment|Fixed|frgmb,,,
frg_cmn_gdza009,Yomi Fragment,Fragment,1,Fragment|Fixed|frgmb,,,
frg_cmn_gtda001,Entropy Board,Fragment,1,Fragment|Fixed,,,
frg_cmn_gwca001,Giant Egg,Fragment,1,Fragment|Oerba200,,,
frg_cmn_gyaa002,Waltraute's Flower,Fragment,1,Fragment|Fixed|Yaschas,,,
frg_cmn_hmha004,Cartesian Board,Fragment,1,Fragment|Fixed,,,
frg_cmn_hmha005,Laplacian Board,Fragment,1,Fragment|Fixed,,,
frg_cmn_vpba002,Ray's Last Light,Fragment,1,Fragment|Fixed|frgvp,,,
frg_cmn_vpba003,Twilight Fragment Alpha,Fragment,1,Fragment|Fixed|frgmb|frgvp,,,
frg_cmn_vpba005,Sarge's Last Light,Fragment,1,Fragment|Fixed|frgvp,,,
frg_cmn_vpca002,Blitz Squadron Mission Report,Fragment,1,Fragment|Fixed|frgvp,,,
frg_cmn_vpca003,Twilight Fragment Beta,Fragment,1,Fragment|Fixed|frgmb|frgvp,,,
frg_cmn_vpca004,Falcon's Compass,Fragment,1,Fragment|Fixed|frgvp,,,
frg_cmn_vpca006,Thunder's Last Light,Fragment,1,Fragment|Fixed|frgvp,,,
frg_cmn_vpca007,Father's Song,Fragment,1,Fragment|Fixed|frgvp,,,
frg_cmn_vpca008,Words of Light,Fragment,1,Fragment|Fixed|frgvp,,,
frg_itm_bjaa001,Vita Lyrica,Fragment,1,Fragment|Fixed|Bresha5,,,
frg_itm_bjaa002,Anima Miseria,Fragment,1,Fragment|Fixed|Bresha5,,,
frg_itm_bjaa003,Unio Mystica,Fragment,1,Fragment|Fixed|Bresha5,,,
frg_itm_bjaa004,Ars Symphonica,Fragment,1,Fragment|Fixed|Bresha5,,,
frg_itm_bjba001,Osmium Ring,Fragment,1,Fragment|Fixed|frgbh|Bresha,,,
frg_itm_bjba002,Palladium Ring,Fragment,1,Fragment|Fixed|frgbh|Bresha,,,
frg_itm_bjda001,Iridium Ring,Fragment,1,Fragment|Fixed|frgbh|Bresha,,,
frg_itm_gdza001,Woolly Stone,Fragment,1,Fragment|Fixed,,,
frg_itm_gtca001,Idea Circuit,Fragment,1,Fragment|Fixed|frgac,,,
frg_itm_gtca002,Enigma Codex,Fragment,1,Fragment|Fixed|frgac,,,
frg_itm_gtca003,Difference Engine,Fragment,1,Fragment|Fixed|frgac,,,
frg_itm_gyaa001,Misery's Bead,Fragment,1,Fragment|Fixed|Yaschas10,,,
frg_itm_gyaa002,Innocence's Sacred Sphere,Fragment,1,Fragment|Fixed|Yaschas10,,,
frg_itm_gyaa003,Amur's Sphere,Fragment,1,Fragment|Fixed|Yaschas10,,,
frg_itm_gyaa004,Orb of Clotho,Fragment,1,Fragment|Fixed|Yaschas1x,,,
frg_itm_gyaa005,Mirror of Atropos,Fragment,1,Fragment|Fixed|Yaschas1x,,,
frg_itm_gyaa006,Sword of Lachesis,Fragment,1,Fragment|Fixed|Yaschas1x,,,
frg_itm_gyaa007,Gerhilde's Blossom,Fragment,1,Fragment|Fixed|Yaschas,,,
frg_itm_gyaa008,Ortlinde's Bloom,Fragment,1,Fragment|Fixed|Yaschas,,,
frg_itm_gyaa009,Schwertleite's Flower,Fragment,1,Fragment|Fixed|Yaschas,,,
frg_itm_gyaa010,Helmwige's Nightshade,Fragment,1,Fragment|Fixed|Yaschas,,,
frg_itm_gyaa011,Siegrune's Spiritbloom,Fragment,1,Fragment|Fixed|Yaschas,,,
frg_itm_gyaa012,Rossweisse Skyblossom,Fragment,1,Fragment|Fixed|Yaschas,,,
frg_itm_hmaa001,Heart Prism,Fragment,1,Fragment|Fixed|Bodhum3,,,
frg_mon_bjaa001,Ghast Fragment,Fragment,1,Fragment|Fixed|frgmb|Bresha5,,,
frg_mon_gdza001,Goblin Fragment,Fragment,1,Fragment|Fixed|frgmb,,,
frg_mon_gdza003,Ochu Fragment,Fragment,1,Fragment|Fixed|frgmb,,,
frg_mon_gyaa001,Gorgyra Fragment,Fragment,1,Fragment|Fixed|frgmb|Yaschas1x,,,
frg_mon_gyaa002,Ugallu Fragment,Fragment,1,Fragment|Fixed|frgmb|Yaschas,,,
frg_pzl_bjda001,Control Device Password 2,Fragment,1,Fragment|Fixed|Bresha,,,
frg_pzl_gwca001,Time's Stardust,Fragment,1,Fragment|Fixed|Oerba200|frgmw,,,
frg_pzl_gwca002,Time's Shell,Fragment,1,Fragment|Fixed|Oerba200|frgmw,,,
frg_pzl_gwca003,Time's Coral,Fragment,1,Fragment|Fixed|Oerba200|frgmw,,,
frg_pzl_gwca004,Spinning Moonstone,Fragment,1,Fragment|Fixed|Oerba300|frgmw,,,
frg_pzl_gwca005,Sparkling Runestone,Fragment,1,Fragment|Fixed|Oerba300|frgmw,,,
frg_pzl_gwca006,Astonishing Limestone,Fragment,1,Fragment|Fixed|Oerba300|frgmw,,,
frg_pzl_gwca007,Thrilling Milestone,Fragment,1,Fragment|Fixed|Oerba300|frgmw,,,
frg_pzl_gwca008,Lovely Starstone,Fragment,1,Fragment|Fixed|Oerba300|frgmw,,,
frg_pzl_gwca009,Bubbly Stone,Fragment,1,Fragment|Fixed|Oerba300|frgmw,,,
frg_pzl_gwca010,Scorching Firestone,Fragment,1,Fragment|Fixed|Oerba300|frgmw,,,
frg_pzl_gwca011,Dewy Bloodstone,Fragment,1,Fragment|Fixed|Oerba300|frgmw,,,
frg_pzl_gwca012,Mossy Rosetta Stone,Fragment,1,Fragment|Fixed|Oerba300|frgmw,,,
frg_pzl_gwca013,Bittersweet Chiffon,Fragment,1,Fragment|Fixed|Oerba400|frgmw,,,
frg_pzl_gwca014,Tremulous Muffin,Fragment,1,Fragment|Fixed|Oerba400|frgmw,,,
frg_pzl_gwca015,Beloved Cinnamon,Fragment,1,Fragment|Fixed|Oerba400|frgmw,,,
frg_pzl_gwca016,Selfish Pancake,Fragment,1,Fragment|Fixed|Oerba400|frgmw,,,
frg_pzl_gwca017,Farewell Madeleine,Fragment,1,Fragment|Fixed|Oerba400|frgmw,,,
frg_pzl_gwca018,Teatime Mont Blanc,Fragment,1,Fragment|Fixed|Oerba400|frgmw,,,
frg_pzl_gwca019,Dishonest Mille-feuille,Fragment,1,Fragment|Fixed|Oerba400|frgmw,,,
frg_pzl_gwca020,Pink Parfait,Fragment,1,Fragment|Fixed|Oerba400|frgmw,,,
frg_pzl_gyaa001,Book of Avalon,Fragment,1,Fragment|Fixed|Yaschas,,,
frg_pzl_gyaa002,Book of Shambala,Fragment,1,Fragment|Fixed|Yaschas,,,
frg_pzl_gyaa003,Book of Valhalla,Fragment,1,Fragment|Fixed|Yaschas,,,
frg_lqz_aaea001,Quiz Rank: Private,Fragment,1,Fragment|Fixed,,,
frg_lqz_aaea002,Quiz Rank: Sergeant,Fragment,1,Fragment|Fixed,,,
frg_lqz_aaea003,Quiz Rank: Lieutenant,Fragment,1,Fragment|Fixed,,,
frg_lqz_aaea004,Quiz Rank: Colonel,Fragment,1,Fragment|Fixed,,,
frg_lqz_aaea005,Quiz Rank: General,Fragment,1,Fragment|Fixed,,,
frg_lqz_gyaa001,Control Device Password 1,Fragment,1,Fragment|Fixed|Yaschas,,,
# Items
it_antidote,Antidote,Item,1,,,,
it_elixir,Elixir,Item,1,,,,
it_holywater,Holy Water,Item,1,,,,
it_hpotion,Wound Potion,Item,1,,,,
it_libra,Librascope,Item,1,,,,
it_phenxbl,Phoenix Blood,Item,1,,,,
it_phenxtal,Phoenix Down,Item,1,,,,
it_potion,Potion,Item,1,,,,
it_sedative,Painkiller,Item,1,,,,
it_tonkati,Mallet,Item,1,,,,
it_unico,Unicorn Horn,Item,1,,,,
it_universal,Remedy,Item,1,,,,
it_wax,Wax,Item,1,,,,
# Key items
key_a_code,Supply Sphere Access Code,Key,1,SideKey,,,
key_a_secret,Personal Notes,Key,1,SideKey,,,
key_access_13,Access Key 13,Key,1,SideKey|AugustaKey,,,
#key_access_49,Access Key 49,Key,1,SideKey|AugustaKey,,,
key_access_50,Access Key 50,Key,1,SideKey|AugustaKey,,,
key_access_51,Access Key 51,Key,1,SideKey|AugustaKey|Fixed,,,
key_access_52,Access Key 52,Key,1,SideKey|AugustaKey|Fixed,,,
key_access_la,Top Floor Access Key,Key,1,SideKey|AugustaKey|Fixed,,,
key_acdmycom,Academy Communicator,Key,1,SideKey,,,
key_behi_fang,Behemoth Fang,Key,1,SideKey,,,
key_black_flw,Terrorists' Mark,Key,1,SideKey,,,
key_black_ystn,Onyx Crystal,Key,1,SideKey,,,
key_c_tab,Capsule,Key,1,SideKey,,,2
key_common_art,Bulb of Hope,Key,1,SideKey,,,
key_f_colonel,Commander's Report,Key,1,SideKey,,,
key_f_kioku,Recording Device,Key,1,SideKey,,,
key_f_kit,Medical Kit,Key,1,SideKey,,,
key_f_manual,Service Manual,Key,1,SideKey,,,
key_f_message,My Buddy's Message,Key,1,SideKey,,,
key_f_proof,Technician's Note,Key,1,SideKey,,,
key_fenr_flw,Fruit of Fenrir,Key,1,SideKey,,,
key_fortune,Fortune Medal,Key,1,SideKey|DLC,,,
key_gowa_wool,Rough Wool,Key,1,SideKey,,,
key_green_ystn,Emerald Crystal,Key,1,SideKey,,,
key_kansoku,Old Device,Key,1,SideKey,,,
key_l_knife,Lightning's Knife,Key,1,Event,,,
key_lockjail,Holding Cell Key,Key,1,SideKey,,,
key_lostcom,Army Comm Device,Key,1,SideKey,,,
key_miss_art,Tablet of Paddra,Key,1,SideKey,,,
key_miss_watch,Outdoor Watch,Key,1,SideKey,,,
key_moko_wool,Fluffy Wool,Key,1,SideKey,,,
key_mon_data,Monster Analysis Report,Key,1,SideKey,,,
key_nuku_wool,Thick Wool,Key,1,SideKey,,,
key_osonae,Picture Frame,Key,1,SideKey,,,
key_para50f,Paradox Agent Type A,Key,1,SideKey,,,
key_para52f,Paradox Agent Type B,Key,1,SideKey,,,
key_paraxxf,Paradox Agent Type C,Key,1,SideKey,,,
key_plsstone,Eternal Crystal,Key,1,Fixed,,,
key_rem_ring,Sealed Tablet,Key,1,SideKey,,,
key_s_neck,Snow's Necklace,Key,1,Event,,,
key_search_pow,Old Battery,Key,1,SideKey,,,
key_sone_info,Thorne's Information,Key,1,SideKey,,,
key_tissue,Toilet Paper Coupon,Key,1,SideKey,,,
key_mog_level,Progressive Mog Level,Key,1,MogLevel,,,3
key_shop_level,Progressive Shop Level,Key,1,ShopLevel,,,11
# TODO: correct??
key_unk_s_opt,Mysterious Artefact (S),Key,1,Fixed|SideKey,,,
key_unk_y_opt,Mysterious Artefact (Y),Key,1,Fixed|SideKey,,,
key_wep_sozai,Weapon Material,Key,1,SideKey,,,
key_white_ystn,Ivory Crystal,Key,1,SideKey,,,
key_y_baggage,Wedding Jewelry,Key,1,SideKey,,,
key_y_diary,Comm Device,Key,1,SideKey,,,
key_yukimi,Silver Petal,Key,1,SideKey,,,
material_a000,Potent Droplet,Material,1,,,,
material_a001,Potent Sliver,Material,1,,,,
material_a002,Potent Orb,Material,1,,,,
material_a003,Potent Essence,Material,1,,,,
material_a004,Potent Crystal,Material,1,,,,
material_a005,Power Droplet,Material,1,,,,
material_a006,Power Sliver,Material,1,,,,
material_a007,Power Orb,Material,1,,,,
material_a008,Power Essence,Material,1,,,,
material_a009,Power Crystal,Material,1,,,,
material_a010,Mana Droplet,Material,1,,,,
material_a011,Mana Sliver,Material,1,,,,
material_a012,Mana Orb,Material,1,,,,
material_a013,Mana Essence,Material,1,,,,
material_a014,Mana Crystal,Material,1,,,,
material_a015,Vitality Droplet,Material,1,,,,
material_a016,Vitality Sliver,Material,1,,,,
material_a017,Vitality Orb,Material,1,,,,
material_a018,Vitality Essence,Material,1,,,,
material_a019,Vitality Crystal,Material,1,,,,
material_a020,Power Bolt,Material,1,,,,
material_a021,Power Chip,Material,1,,,,
material_a022,Power Engine,Material,1,,,,
material_a023,Power Booster,Material,1,,,,
material_a024,Power Generator,Material,1,,,,
material_a025,Mana Bolt,Material,1,,,,
material_a026,Mana Chip,Material,1,,,,
material_a027,Mana Engine,Material,1,,,,
material_a028,Mana Booster,Material,1,,,,
material_a029,Mana Generator,Material,1,,,,
material_a030,Vitality Bolt,Material,1,,,,
material_a031,Vitality Chip,Material,1,,,,
material_a032,Vitality Engine,Material,1,,,,
material_a033,Vitality Booster,Material,1,,,,
material_a034,Vitality Generator,Material,1,,,,
material_a035,Potent Bolt,Material,1,,,,
material_a036,Potent Chip,Material,1,,,,
material_a037,Potent Engine,Material,1,,,,
material_a038,Potent Booster,Material,1,,,,
material_a039,Potent Generator,Material,1,,,,
material_b000,Gogmagog Nail,Material,1,,,,
material_b001,Gogmagogite,Material,1,,,,
material_b002,Chronomist,Material,1,,,,
material_b003,Giant Knuckle,Material,1,,,,
material_b004,Crystal Turbine,Material,1,,,,
material_b005,Mutant Extract,Material,1,,,,
material_b006,Ripened Flanjuice,Material,1,,,,
material_b007,Faeryl Fang,Material,1,,,,
material_j000,Insulated Cabling,Material,1,,,,
material_j001,Fiber-optic Cable,Material,1,,,,
material_j002,Liquid Crystal Lens,Material,1,,,,
material_j003,Ring Joint,Material,1,,,,
material_j004,Epicyclic Gear,Material,1,,,,
material_j005,Crankshaft,Material,1,,,,
material_j006,Electrolytic Capacitor,Material,1,,,,
material_j007,Flywheel,Material,1,,,,
material_j008,Sprocket,Material,1,,,,
material_j009,Actuator,Material,1,,,,
material_j010,Spark Plug,Material,1,,,,
material_j011,Iridium Plug,Material,1,,,,
material_j012,Needle Valve,Material,1,,,,
material_j013,Butterfly Valve,Material,1,,,,
material_j014,Analog Circuit,Material,1,,,,
material_j015,Digital Circuit,Material,1,,,,
material_j016,Gyroscope,Material,1,,,,
material_j017,Electrode,Material,1,,,,
material_j018,Ceramic Armor,Material,1,,,,
material_j019,Chobham Armor,Material,1,,,,
material_j020,Radial Bearing,Material,1,,,,
material_j021,Thrust Bearing,Material,1,,,,
material_j022,Solenoid,Material,1,,,,
material_j023,Mobius Coil,Material,1,,,,
material_j024,Tungsten Tube,Material,1,,,,
material_j025,Titanium Tube,Material,1,,,,
material_j026,Passive Detector,Material,1,,,,
material_j027,Active Detector,Material,1,,,,
material_j028,Transformer,Material,1,,,,
material_j029,Amplifier,Material,1,,,,
material_j030,Carburetor,Material,1,,,,
material_j031,Supercharger,Material,1,,,,
material_j032,Piezoelectric Element,Material,1,,,,
material_j033,Crystal Oscillator,Material,1,,,,
material_j034,Paraffin Oil,Material,1,,,,
material_j035,Silicone Oil,Material,1,,,,
material_j036,Synthetic Muscle,Material,1,,,,
material_j037,Turboprop,Material,1,,,,
material_j038,Turbojet,Material,1,,,,
material_j039,Tesla Turbine,Material,1,,,,
material_j040,Polymer Emulsion,Material,1,,,,
material_j041,Ferroelectric Film,Material,1,,,,
material_j042,Superconductor,Material,1,,,,
material_j043,Perfect Conductor,Material,1,,,,
material_j044,Particle Accelerator,Material,1,,,,
material_j045,Ultracompact Reactor,Material,1,,,,
material_m000,Begrimed Claw,Material,1,,,,
material_m001,Bestial Claw,Material,1,,,,
material_m002,Gargantuan Claw,Material,1,,,,
material_m003,Hellish Talon,Material,1,,,,
material_m004,Shattered Bone,Material,1,,,,
material_m005,Sturdy Bone,Material,1,,,,
material_m006,Otherworldly Bone,Material,1,,,,
material_m007,Ancient Bone,Material,1,,,,
material_m009,Moistened Scale,Material,1,,,,
material_m010,Seapetal Scale,Material,1,,,,
material_m011,Abyssal Scale,Material,1,,,,
material_m012,Sea King's Beard,Material,1,,,,
material_m013,Segmented Carapace,Material,1,,,,
material_m014,Iron Shell,Material,1,,,,
material_m015,Armored Shell,Material,1,,,,
material_m016,Regenerating Carapace,Material,1,,,,
material_m017,Chipped Fang,Material,1,,,,
material_m018,Wicked Fang,Material,1,,,,
material_m019,Monstrous Fang,Material,1,,,,
material_m020,Sinister Fang,Material,1,,,,
material_m021,Severed Wing,Material,1,,,,
material_m022,Scaled Wing,Material,1,,,,
material_m023,Abominable Wing,Material,1,,,,
material_m024,Menacing Wings,Material,1,,,,
material_m025,Molted Tail,Material,1,,,,
material_m026,Barbed Tail,Material,1,,,,
material_m027,Diabolic Tail,Material,1,,,,
material_m028,Entrancing Tail,Material,1,,,,
material_m029,Torn Leather,Material,1,,,,
material_m030,Thickened Hide,Material,1,,,,
material_m031,Smooth Hide,Material,1,,,,
material_m032,Supple Leather,Material,1,,,,
material_m033,Gummy Oil,Material,1,,,,
material_m034,Fragrant Oil,Material,1,,,,
material_m035,Medicinal Oil,Material,1,,,,
material_m036,Esoteric Oil,Material,1,,,,
material_m041,Bomb Ashes,Material,1,,,,
material_m042,Bomb Fragment,Material,1,,,,
material_m043,Bomb Shell,Material,1,,,,
material_m044,Bomb Core,Material,1,,,,
material_m045,Murky Ooze,Material,1,,,,
material_m046,Vibrant Ooze,Material,1,,,,
material_m047,Transparent Ooze,Material,1,,,,
material_m048,Wonder Gel,Material,1,,,,
material_m049,Fractured Horn,Material,1,,,,
material_m050,Spined Horn,Material,1,,,,
material_m051,Fiendish Horn,Material,1,,,,
material_m052,Infernal Horn,Material,1,,,,
material_m053,Strange Fluid,Material,1,,,,
material_m054,Enigmatic Fluid,Material,1,,,,
material_m055,Mysterious Fluid,Material,1,,,,
material_m056,Ineffable Fluid,Material,1,,,,
material_m057,Cie'th Tear,Material,1,,,,
material_m058,Tear of Frustration,Material,1,,,,
material_m059,Tear of Remorse,Material,1,,,,
material_m060,Tear of Woe,Material,1,,,,
material_m061,Chocobo Plume,Material,1,,,,
material_m062,Chocobo Tail Feather,Material,1,,,,
material_m063,Green Needle,Material,1,,,,
material_m064,Dawnlight Dew,Material,1,,,,
material_m065,Dusklight Dew,Material,1,,,,
material_m066,Gloomstalk,Material,1,,,,
material_m067,Sunpetal,Material,1,,,,
material_m068,Red Mycelium,Material,1,,,,
material_m069,Blue Mycelium,Material,1,,,,
material_m070,White Mycelium,Material,1,,,,
material_m071,Black Mycelium,Material,1,,,,
material_m072,Succulent Fruit,Material,1,,,,
material_m073,Malodorous Fruit,Material,1,,,,
material_m074,Moonblossom Seed,Material,1,,,,
material_m075,Starblossom Seed,Material,1,,,,
material_m076,Perfume,Material,1,,,,
material_m077,Pot Shard,Material,1,,,,
material_m078,Fractal Pot,Material,1,,,,
material_o000,Millerite,Material,1,,,,
material_o001,Rhodochrosite,Material,1,,,,
material_o002,Cobaltite,Material,1,,,,
material_o003,Perovskite,Material,1,,,,
material_o004,Uraninite,Material,1,,,,
material_o005,Mnar Stone,Material,1,,,,
material_o006,Scarletite,Material,1,,,,
material_o007,Adamantite,Material,1,,,,
material_o008,Dark Matter,Material,1,,,,
material_o009,Trapezohedron,Material,1,,,,
material_o010,Gold Dust,Material,1,,,,
material_o011,Gold Nugget,Material,1,,,,
material_o012,Platinum Ingot,Material,1,,,,
mcr_k002,Silver Lobo,Monster Crystal,1,,,,
mcr_k003,Gorgonopsid,Monster Crystal,1,,,,
mcr_k005,Mánagarmr,Monster Crystal,1,,,,
mcr_k008,Flanbanero,Monster Crystal,1,,,,
mcr_k010,Flanborg,Monster Crystal,1,,,,
mcr_k012,Dreadnought,Monster Crystal,1,,,,
mcr_k015,Feral Behemoth,Monster Crystal,1,,,,
mcr_k018,Orion,Monster Crystal,1,,,,
mcr_k036,Yaksha,Monster Crystal,1,,,,
mcr_k037,Triffid,Monster Crystal,1,,,,
mcr_k038,Vespid,Monster Crystal,1,,,,
mcr_k039,Barbed Specter,Monster Crystal,1,,,,
mcr_k040,Vespid Soldier,Monster Crystal,1,,,,
mcr_k041,Gremlin,Monster Crystal,1,,,,
mcr_k042,Imp,Monster Crystal,1,,,,
mcr_k043,Zwerg Scandroid,Monster Crystal,1,,,,
mcr_k045,Leyak,Monster Crystal,1,,,,
mcr_k048,Garuda,Monster Crystal,1,,,,
mcr_k054,Munchkin,Monster Crystal,1,,,,
mcr_k056,Goblin Chieftain,Monster Crystal,1,,,,
mcr_k057,Munchkin Maestro,Monster Crystal,1,,,,
mcr_k063,Pulsework Soldier,Monster Crystal,1,,,,
mcr_k064,Pulsework Knight,Monster Crystal,1,,,,
mcr_k065,Pulsework Gladiator,Monster Crystal,1,,,,
mcr_k066,Bomb,Monster Crystal,1,,,,
mcr_k069,Navidon,Monster Crystal,1,,,,
mcr_k071,Lucidon,Monster Crystal,1,,,,
mcr_k072,Thermadon,Monster Crystal,1,,,,
mcr_k075,Greater Behemoth,Monster Crystal,1,,,,
mcr_k077,Proto-behemoth,Monster Crystal,1,,,,
mcr_k079,Flanitor,Monster Crystal,1,,,,
mcr_k094,Goblin?,Monster Crystal,1,,,,
mcr_k099,Crawler,Monster Crystal,1,,,,
mcr_k102,Frag Leech,Monster Crystal,1,,,,
mcr_k123,Bloodfang Bass,Monster Crystal,1,,,,
mcr_k124,Breshan Bass,Monster Crystal,1,,,,
mcr_k125,Hedge Frog,Monster Crystal,1,,,,
mcr_k126,Mud Frog,Monster Crystal,1,,,,
mcr_k127,Ceratosaur,Monster Crystal,1,,,,
mcr_k128,Ceratoraptor,Monster Crystal,1,,,,
mcr_k150,Thexteron,Monster Crystal,1,,,,
mcr_k152,Viking,Monster Crystal,1,,,,
mcr_k172,Phosphoric Ooze,Monster Crystal,1,,,,
mcr_k173,Garchimacera,Monster Crystal,1,,,,
mcr_k174,Rangda,Monster Crystal,1,,,,
mcr_k182,Hoplite,Monster Crystal,1,,,,
mcr_k185,Yakshini,Monster Crystal,1,,,,
mcr_k190,Microchu,Monster Crystal,1,,,,
mcr_k206,Ahriman,Monster Crystal,1,,,,
mcr_k211,Zwerg Metrodroid,Monster Crystal,1,,,,
mcr_k213,Svarog,Monster Crystal,1,,,,
mcr_k214,Circuitron,Monster Crystal,1,,,,
mcr_k215,Cryohedron,Monster Crystal,1,,,,
mcr_k253,Cactuar,Monster Crystal,1,,,,
mcr_k254,Tonberry,Monster Crystal,1,,,,
mcr_k255,Metal Gigantuar,Monster Crystal,1,,,,
mcr_k256,Flowering Cactuar,Monster Crystal,1,,,,
mcr_k257,Gigantuar,Monster Crystal,1,,,,
mcr_k270,Nekton,Monster Crystal,1,,,,
mcr_k271,Meonekton,Monster Crystal,1,,,,
mcr_k273,Cait Sith,Monster Crystal,1,,,,
mcr_k275,Miniflan,Monster Crystal,1,,,,
mcr_k400,Uridimmu,Monster Crystal,1,,,,
mcr_k423,Nanochu,Monster Crystal,1,,,,
mcr_k430,Luminous Puma,Monster Crystal,1,,,,
mcr_k432,Seeping Brie,Monster Crystal,1,,,,
mcr_k433,Albino Lobo,Monster Crystal,1,,,,
mcr_k434,Flandit,Monster Crystal,1,,,,
mcr_k435,Garganzola,Monster Crystal,1,,,,
mcr_k436,Flangonzola,Monster Crystal,1,,,,
mcr_k437,Fencer,Monster Crystal,1,,,,
mcr_k438,Yeoman,Monster Crystal,1,,,,
mcr_k441,Gandayaks,Monster Crystal,1,,,,
mcr_k442,Gahongas,Monster Crystal,1,,,,
mcr_k443,Clematis,Monster Crystal,1,,,,
mcr_k444,Necrosis,Monster Crystal,1,,,,
mcr_k445,Koboldroid Yin,Monster Crystal,1,,,,
mcr_k446,Koboldroid Yang,Monster Crystal,1,,,,
mcr_k447,Buccaboo,Monster Crystal,1,,,,
mcr_k448,Gancanagh,Monster Crystal,1,,,,
mcr_k449,Buccaboo Ace,Monster Crystal,1,,,,
mcr_k450,Gancanagh Ace,Monster Crystal,1,,,,
mcr_k451,Sahagin Prince,Monster Crystal,1,,,,
mcr_k452,Cloudburst,Monster Crystal,1,,,,
mcr_k453,Tempest,Monster Crystal,1,,,,
mcr_k454,Debris,Monster Crystal,1,,,,
mcr_k455,Reaver,Monster Crystal,1,,,,
mcr_k456,Zaghnal,Monster Crystal,1,,,,
mcr_k457,Narasimha,Monster Crystal,1,,,,
mcr_k458,Vodianoi,Monster Crystal,1,,,,
mcr_k459,Samovira,Monster Crystal,1,,,,
mcr_k460,Shaguma,Monster Crystal,1,,,,
mcr_k461,Haguma,Monster Crystal,1,,,,
mcr_k462,Dendrobium,Monster Crystal,1,,,,
mcr_k463,Mandrake,Monster Crystal,1,,,,
mcr_k490,Mewmao,Monster Crystal,1,,,,
mcr_k491,Schrodinger,Monster Crystal,1,,,,
mcr_k492,Forked Cat,Monster Crystal,1,,,,
mcr_k493,Clione,Monster Crystal,1,,,,
mcr_k494,Pleuston,Monster Crystal,1,,,,
mcr_k495,Chelicerata,Monster Crystal,1,,,,
mcr_k496,Pantopoda,Monster Crystal,1,,,,
mcr_k640,Bamapama,Monster Crystal,1,,,,
mcr_k641,Mimi,Monster Crystal,1,,,,
mcr_k642,Fachan,Monster Crystal,1,,,,
mcr_k643,Unsaganashi,Monster Crystal,1,,,,
mcr_k644,Amanojaku,Monster Crystal,1,,,,
mcr_k645,Notsugo,Monster Crystal,1,,,,
mcr_k646,Vouivre,Monster Crystal,1,,,,
mcr_k647,Kanna Kamuy,Monster Crystal,1,,,,
mcr_k649,Deathgaze,Monster Crystal,1,,,,
mcr_k650,Moblin,Monster Crystal,1,,,,
mcr_k651,Major Moblin,Monster Crystal,1,,,,
mcr_k652,Swampmonk,Monster Crystal,1,,,,
mcr_k653,Apkallu,Monster Crystal,1,,,,
mcr_k654,Oannes,Monster Crystal,1,,,,
mcr_k655,Glyptodon,Monster Crystal,1,,,,
mcr_k656,Bunkerbeast,Monster Crystal,1,,,,
mcr_k657,Calautidon,Monster Crystal,1,,,,
mcr_k660,Sarracenia,Monster Crystal,1,,,,
mcr_k661,Spiranthes,Monster Crystal,1,,,,
mcr_k662,Caterchipillar,Monster Crystal,1,,,,
mcr_k663,Exoray,Monster Crystal,1,,,,
mcr_k664,Dragoon,Monster Crystal,1,,,,
mcr_k665,Spiceacilian,Monster Crystal,1,,,,
mcr_k666,Tabasco Toad,Monster Crystal,1,,,,
mcr_k667,Pitterpatter,Monster Crystal,1,,,,
mcr_k668,Chunerpeton,Monster Crystal,1,,,,
mcr_k672,Testudo,Monster Crystal,1,,,,
mcr_k673,Scutari,Monster Crystal,1,,,,
mcr_k677,Chichu,Monster Crystal,1,,,,
mcr_k678,Xolotl,Monster Crystal,1,,,,
mcr_k679,Miquiztli,Monster Crystal,1,,,,
mcr_k681,Tezcatlipoca,Monster Crystal,1,,,,
mcr_k682,Metallicactuar,Monster Crystal,1,,,,
mcr_k683,Cactuaroni,Monster Crystal,1,,,,
mcr_k684,Cactuarama,Monster Crystal,1,,,,
mcr_k685,Cactuarina,Monster Crystal,1,,,,
mcr_k686,Don Tonberry,Monster Crystal,1,,,,
mcr_k851,Apotamkin,Monster Crystal,1,,,,
mcr_k852,Illuyankas,Monster Crystal,1,,,,
mcr_k853,Grenade,Monster Crystal,1,,,,
mcr_k856,Lancer,Monster Crystal,1,,,,
mcr_k861,Pink Lily,Monster Crystal,1,,,,
mcr_k865,Golden Chocobo,Monster Crystal,1,,,,
mcr_k866,Silver Chocobo,Monster Crystal,1,,,,
mcr_k867,White Chocobo,Monster Crystal,1,,,,
mcr_k868,Black Chocobo,Monster Crystal,1,,,,
mcr_k869,Blue Chocobo,Monster Crystal,1,,,,
mcr_k870,Red Chocobo,Monster Crystal,1,,,,
mcr_k871,Green Chocobo,Monster Crystal,1,,,,
mcr_k872,Purple Chocobo,Monster Crystal,1,,,,
mcr_k882,Chocobo,Monster Crystal,1,,,,
mcr_k895,Twilight Odin,Monster Crystal,1,,,,
mcr_k950,Typhon,Monster Crystal,1,DLC,,,
mcr_k951,Ultros,Monster Crystal,1,DLC,,,
mcr_k952,Omega,Monster Crystal,1,DLC,,,
mcr_k953,Gilgamesh,Monster Crystal,1,DLC,,,
mcr_k954,PuPu,Monster Crystal,1,DLC,,,
mcr_k959,Valfodr,Monster Crystal,1,DLC,,,
mcr_k961,Nabaat,Monster Crystal,1,DLC,,,
mcr_k962,Lieutenant Amodar,Monster Crystal,1,DLC,,,
mcr_k969,Lightning A,Monster Crystal,1,DLC,,,
mcr_k971,Lightning B,Monster Crystal,1,DLC,,,
mcr_k973,Snow,Monster Crystal,1,DLC,,,
mcr_k974,Sazh,Monster Crystal,1,DLC,,,
# Artefacts
opt_aaea02_sp,Vagabond Artefact,Artefact,1,Artefact,,,
opt_acea01_gt,Tower Artefact,Artefact,1,Artefact,,,
opt_bjaa01_gy,Eclipse Artefact,Artefact,1,Artefact,,,
opt_bjaa02_sn,Reunion Artefact,Artefact,1,Artefact,,,
#opt_casino_s,Artefact of Truth and Fallacy,Artefact,1,,,,
opt_ghsn01_cs,Illusionary Artefact,Artefact,1,Artefact|Fixed,,,
opt_ghsn02_ac,Restoration Artefact,Artefact,1,Artefact|Fixed,,,
opt_gtca01_aa,Artefact of Rebirth,Artefact,1,Artefact,,,
opt_gwca01_gh,Artefact of Origins,Artefact,1,Artefact,,,
opt_gyaa01_gw,Hollow Artefact,Artefact,1,Artefact,,,
opt_hmaa01_bj,Giant's Artefact,Artefact,1,Artefact,,,
opt_hmha01_ac,Artefact of the Ark,Artefact,1,Artefact,,,
opt_silver,Wild Artefact,Artefact,1,Wild,,,
opt_snda01_cl,Combat Artefact,Artefact,1,Artefact,,,
opt_snda02_gd,Thundering Artefact,Artefact,1,Artefact,,,
# Synthetic artefacts?
#opt_spza01_dd,NB3x->DW700,Artefact,1,,,,
#opt_spza01_hm,NB3x->NB900,Artefact,1,,,,
# Fake artefacts for rando
opt_bjaa03_bj,Frozen Artefact,Artefact,1,Artefact,,,
opt_ddha01_bj,Overgrown Artefact,Artefact,1,Artefact,,,
opt_bjba01_gy,Artefact of Penumbra,Artefact,1,Artefact,,,
opt_ghaa01_gt,Spire Artefact,Artefact,1,Artefact,,,
opt_gdaa01_vp,Blitz Artefact,Artefact,1,Artefact,,,
opt_acea02_gy,Artefact of Umbra,Artefact,1,Artefact,,,
opt_gyba01_sn,Rainbow Artefact,Artefact,1,Artefact,,,
opt_gtca02_gw,Sandstorm Artefact,Artefact,1,Artefact,,,
opt_gwda01_gw,Arenaceous Artefact,Artefact,1,Artefact,,,
opt_aaea03_vp,Artefact of Wrack and Ruin,Artefact,1,Artefact,,,
#Gate seals
opt_aaea_re,'Promises' Gate Seal,Gate Seal,1,GateSeal,,,
opt_acea_re,'Flight' Gate Seal,Gate Seal,1,GateSeal,,,
opt_acfa_re,'Final Battle' Gate Seal,Gate Seal,1,GateSeal,,,
opt_bjaa_re,'Scars' Gate Seal,Gate Seal,1,GateSeal,,,
opt_bjba_re,'Disaster' Gate Seal,Gate Seal,1,GateSeal,,,
opt_bjda_re,'Labyrinth' Gate Seal,Gate Seal,1,GateSeal,,,
opt_clza_re,'Prediction' Gate Seal,Gate Seal,1,GateSeal,,,
opt_csza_re,'Eternity' Gate Seal,Gate Seal,1,GateSeal,,,
opt_ddha_re,'Determination' Gate Seal,Gate Seal,1,GateSeal,,,
opt_gdza_re,'The Calm' Gate Seal,Gate Seal,1,GateSeal,,,
opt_ghaa_re,'The Fall' Gate Seal,Gate Seal,1,GateSeal,,,
opt_gtca_re,'Facts' Gate Seal,Gate Seal,1,GateSeal,,,
opt_gtda_re,'Silence' Gate Seal,Gate Seal,1,GateSeal,,,
opt_gwca_re,'Encounters' Gate Seal,Gate Seal,1,GateSeal,,,
opt_gwda_re,'How Things Were' Gate Seal,Gate Seal,1,GateSeal,,,
opt_gwea_re,'Hometown' Gate Seal,Gate Seal,1,GateSeal,,,
opt_gyaa_re,'Visions' Gate Seal,Gate Seal,1,GateSeal,,,
opt_gyba_re,'Reminiscence' Gate Seal,Gate Seal,1,GateSeal,,,
opt_gyca_re,'Maleficence' Gate Seal,Gate Seal,1,GateSeal,,,
opt_hmaa_re,'Leaving' Gate Seal,Gate Seal,1,GateSeal,,,
opt_snda_re,'Farewells' Gate Seal,Gate Seal,1,GateSeal,,,
opt_snea_re,'Thunderstruck' Gate Seal,Gate Seal,1,GateSeal,,,
opt_spza_re,'Sisters' Gate Seal,Gate Seal,1,GateSeal,,,
opt_vaza_re,'Hope' Gate Seal,Gate Seal,1,GateSeal,,,
opt_vpba_re,'Afterimage' Gate Seal,Gate Seal,1,GateSeal,,,
opt_vpca_re,'Return' Gate Seal,Gate Seal,1,GateSeal,,,
# Maps (tmap_xxx)
tmap_ac,Map of Academia,Map,1,,,,
tmap_af,Map of Academia 500 AF,Map,1,,,,
tmap_bj,Map of the Bresha Ruins,Map,1,,,,
tmap_cl,Map of the Coliseum,Map,1,,,,
tmap_cs,Map of Serendipity,Map,1,,,,
tmap_dd,Map of a Dying World,Map,1,,,,
tmap_gd,Map of the Steppe,Map,1,,,,
tmap_gt,Map of Augusta Tower,Map,1,,,,
tmap_gw,Map of Oerba,Map,1,,,,
tmap_gy,Map of the Yaschas Massif,Map,1,,,,
tmap_hh,Map of New Bodhum 700 AF,Map,1,,,,
tmap_hm,Map of New Bodhum,Map,1,,,,
tmap_sn,Map of the Sunleth Waterscape,Map,1,,,,
tmap_sp,Map of the Void Beyond,Map,1,,,,
tmap_vp,Map of the Vile Peaks,Map,1,,,,
#Weapons
wea_noe_001,Flame Fossil,Weapon,1,,,,
wea_noe_002,Howling Soul,Weapon,1,,,,
wea_noe_003,Volatile Spark,Weapon,1,,,,
wea_noe_004,Blazing Spirit,Weapon,1,,,,
wea_noe_005,Vajradanda,Weapon,1,,,,
wea_noe_006,Survivor's Edge,Weapon,1,,,,
wea_noe_007,Avenger's Edge,Weapon,1,,,,
wea_noe_008,Shellbreaker,Weapon,1,,,,
wea_noe_009,Fragarach,Weapon,1,,,,
wea_noe_010,Grasitha,Weapon,1,,,,
wea_noe_011,Rune Tooth,Weapon,1,,,,
wea_noe_012,Sargatanas,Weapon,1,,,,
wea_noe_013,Nomad's Machete,Weapon,1,,,,
wea_noe_014,Orochi,Weapon,1,,,,
wea_noe_015,Romulus & Remus,Weapon,1,,,,
wea_noe_016,Guardian's Edge,Weapon,1,,,,
wea_noe_017,Blessed Blade,Weapon,1,,,,
wea_noe_018,Sacred Cross,Weapon,1,,,,
wea_noe_019,The Tower,Weapon,1,,,,
wea_noe_020,Mac an Luin,Weapon,1,,,,
wea_noe_021,In Paradisum,Weapon,1,,,,
wea_noe_022,Odinblade,Weapon,1,,,,
wea_noe_023,Catastrophe Blade,Weapon,1,,,,
wea_noe_024,Muramasa,Weapon,1,DLC,,,
wea_noe_025,Catastrophe Blade: ∑,Weapon,1,DLC,,,
wea_noe_026,Catastrophe Blade: Ω,Weapon,1,DLC,,,
wea_noe_027,Catastrophe Blade: ∞,Weapon,1,DLC,,,
wea_noe_028,Muramasa: Kiku,Weapon,1,DLC,,,
wea_noe_029,Muramasa: Sakura,Weapon,1,DLC,,,
wea_noe_030,True Muramasa,Weapon,1,DLC,,,
wea_ser_001,Starseeker,Weapon,1,,,,
wea_ser_002,Meteorblaze,Weapon,1,,,,
wea_ser_003,Lunar Stinger,Weapon,1,,,,
wea_ser_004,Raging Arc,Weapon,1,,,,
wea_ser_005,Izanami,Weapon,1,,,,
wea_ser_006,Amazon Bow,Weapon,1,,,,
wea_ser_007,Fellowship Arc,Weapon,1,,,,
wea_ser_008,Trollspike,Weapon,1,,,,
wea_ser_009,Fatal Barb,Weapon,1,,,,
wea_ser_010,Gandiva,Weapon,1,,,,
wea_ser_011,Faerie's Bow,Weapon,1,,,,
wea_ser_012,Rune Feather,Weapon,1,,,,
wea_ser_013,Angel's Bow,Weapon,1,,,,
wea_ser_014,Eurytos's Bow,Weapon,1,,,,
wea_ser_015,Indrajit,Weapon,1,,,,
wea_ser_016,Butterfly Bow,Weapon,1,,,,
wea_ser_017,Wild Chorus,Weapon,1,,,,
wea_ser_018,Chrysalis Arc,Weapon,1,,,,
wea_ser_019,Nagaraja,Weapon,1,,,,
wea_ser_020,Sagittarius,Weapon,1,,,,
wea_ser_021,Arcus Chronica,Weapon,1,,,,
wea_ser_022,Odinbolt,Weapon,1,,,,
wea_ser_023,Seraphic Wing,Weapon,1,DLC,,,
wea_ser_024,Azrael,Weapon,1,DLC,,,
wea_ser_025,Genji Bow,Weapon,1,DLC,,,
wea_ser_026,Seraphic Wing: ∑,Weapon,1,DLC,,,
wea_ser_027,Seraphic Wing: Ω,Weapon,1,DLC,,,
wea_ser_028,Seraphic Wing: ∞,Weapon,1,DLC,,,
wea_ser_029,Azrael: ∑,Weapon,1,DLC,,,
wea_ser_030,Azrael: Ω,Weapon,1,DLC,,,
wea_ser_031,Azrael: ∞,Weapon,1,DLC,,,
wea_ser_032,Genji Bow: Kiku,Weapon,1,DLC,,,
wea_ser_033,Genji Bow: Sakura,Weapon,1,DLC,,,
wea_ser_034,True Genji Bow,Weapon,1,DLC,,,
# Fragment Skills
privilege01,Mog's Manifestation,FragmentSkill,1,FragmentSkill,,,
privilege02,Bargain Hunter,FragmentSkill,1,FragmentSkill,,,
privilege03,Haggler,FragmentSkill,1,FragmentSkill,,,
privilege04,Chocobo Music,FragmentSkill,1,FragmentSkill,,,
privilege05,Anti-grav Jump,FragmentSkill,1,FragmentSkill,,,
privilege06,Paradox Scope (Skill),FragmentSkill,1,FragmentSkill,,,
privilege08,Rolling in CP,FragmentSkill,1,FragmentSkill,,,
privilege10,Mobile Mog,FragmentSkill,1,FragmentSkill,,,
privilege11,Monster Collector,FragmentSkill,1,FragmentSkill,,,
privilege12,Encounter Master,FragmentSkill,1,FragmentSkill,,,
privilege14,Battlemania,FragmentSkill,1,FragmentSkill,,,
privilege15,Field Killer,FragmentSkill,1,FragmentSkill,,,
# 17 skipped 
privilege18,Eyes of the Goddess,FragmentSkill,1,FragmentSkill,,,
