Location,Name,ID,Requirements,Rank,Traits
Rabanastre,Tomaj 1,9000,,0,WritTomaj
Rabanastre,Tomaj 2,916B,,0,
Rabanastre,Tomaj 3,916C,,0,
Giza Plains Dry,Masyua Shadestone,9002,,0,
Giza Plains Dry,Giza Sunstone,9001,I(8079),1,
Lowtown,Dalan Crescent Stone,905E,I(807A),0,
Lowtown,Dalan Sword of the Order,905F,I(80AC),0,
Lowtown,Balzac Sword of the Order Turn In,911E,I(8075),0,
Dreadnought Leviathan,No. 1 Brig Key,9060,,1,
Dreadnought Leviathan,Systems Access Key,9061,I(8076),1,
Dreadnought Leviathan,Manufacted Nethicite,912C,I(8076),1,
Nam-Yensa Sandsea,Eksir Berries,912D,,1,
Tomb of Raithwall,Defeat Belias,9190,,2,
Tomb of Raithwall,Dawn Shard,912E,,2,
Tomb of Raithwall,Defeat Vossler,918E,,2,
Royal Palace,Goddess's Magicite,912F,,1,
Barheim Passage Story,Burrough Tube Fuse,9130,,1,
Jahara,Great-chief Elder After Defeating Vossler,911F,AND(I(Defeat Vossler)|I(8078)),2,
Eruyt Village,Lente's Tear,9131,A(Henne Mines),2,
Stilshrine of Miriam,Defeat Mateus,9191,I(8078),2,
Stilshrine of Miriam,Sword of Kings,9132,I(8078),2,
Tchita Uplands,Soul Ward Key,9133,,3,
Tchita Uplands,Mandragora Reward,9052,A(Sochen Cave Palace Middle),3,
Draklor Laboratory,Defeat Cid 1,918D,I(809E),5,
Archades,Pinewood Chop 1,9134,,0,Chop1
Archades,Pinewood Chop 2,9135,,0,Chop2
Archades,Pinewood Chop 3,9136,,0,Chop3
Archades,Pinewood Chop 4,9137,,0,Chop4
Archades,Pinewood Chop 5,9138,,0,Chop5
Archades,Pinewood Chop 6,9139,,0,Chop6
Archades,Pinewood Chop 7,913A,,0,Chop7
Archades,Pinewood Chop 8,913B,,0,Chop8
Archades,Pinewood Chop 9,913C,,0,Chop9
Archades,Pinewood Chop 10,913D,,0,Chop10
Archades,Pinewood Chop 11,913E,,0,Chop11
Archades,Pinewood Chop 12,913F,,0,Chop12
Archades,Pinewood Chop 13,9140,,0,Chop13
Archades,Pinewood Chop 14,9141,,0,Chop14
Archades,Pinewood Chop 15,9142,,0,Chop15
Archades,Pinewood Chop 16,9143,,0,Chop16
Archades,Pinewood Chop 17,9144,,0,Chop17
Archades,Pinewood Chop 18,9145,,0,Chop18
Archades,Pinewood Chop 19,9146,,0,Chop19
Archades,Pinewood Chop 20,9147,,0,Chop20
Archades,Pinewood Chop 21,9148,,0,Chop21
Archades,Pinewood Chop 22,9149,,0,Chop22
Archades,Pinewood Chop 23,914A,,0,Chop23
Archades,Pinewood Chop 24,914B,,0,Chop24
Archades,Pinewood Chop 25,914C,,0,Chop25
Archades,Pinewood Chop 26,914D,,0,Chop26
Archades,Pinewood Chop 27,914E,,0,Chop27
Archades,Pinewood Chop 28,914F,,0,Chop28
Archades,Sandalwood Chop,9150,I(2113|28),2,
Draklor Laboratory,Lab Access Card,9151,,0,
Giruvegan End,Defeat Shemhazai,9192,,5,
Giruvegan End,Treaty-Blade,9152,,5,
Pharos of Ridorana,Black Orb 1,9153,,6,BlackOrb1
Pharos of Ridorana,Black Orb 2,9154,,6,BlackOrb2
Pharos of Ridorana,Black Orb 3,9155,,6,BlackOrb3
Pharos of Ridorana,Defeat Hashmal,9193,I(2116|3),6,
Pharos of Ridorana,Defeat Famfrit and Cid 2,918F,AND(I(2116|3)|OR(I(808B)|I(808C))|OR(SELECT(2|I(8078)|I(80AC)|I(8089)))),7,WritCid2
Pharos of Ridorana Subterra,Black Orb 4,9156,I(2116|3),7,BlackOrb4
Pharos of Ridorana Subterra,Black Orb 5,9157,I(2116|3),7,BlackOrb5
Pharos of Ridorana Subterra,Black Orb 6,9158,I(2116|3),7,BlackOrb6
Pharos of Ridorana Subterra,Black Orb 7,9159,I(2116|3),7,BlackOrb7
Pharos of Ridorana Subterra,Black Orb 8,915A,I(2116|3),7,BlackOrb8
Pharos of Ridorana Subterra,Black Orb 9,915B,I(2116|8),7,BlackOrb9
Pharos of Ridorana Subterra,Black Orb 10,915C,I(2116|8),7,BlackOrb10
Pharos of Ridorana Subterra,Black Orb 11,915D,I(2116|8),7,BlackOrb11
Pharos of Ridorana Subterra,Black Orb 12,915E,I(2116|8),7,BlackOrb12
Pharos of Ridorana Subterra,Black Orb 13,915F,I(2116|8),7,BlackOrb13
Pharos of Ridorana Subterra,Black Orb 14,9160,I(2116|8),7,BlackOrb14
Pharos of Ridorana Subterra,Black Orb 15,9161,I(2116|8),7,BlackOrb15
Pharos of Ridorana Subterra,Black Orb 16,9162,I(2116|15),7,BlackOrb16
Pharos of Ridorana Subterra,Black Orb 17,9163,I(2116|15),7,BlackOrb17
Pharos of Ridorana Subterra,Black Orb 18,9164,I(2116|15),7,BlackOrb18
Pharos of Ridorana Subterra,Black Orb 19,9165,I(2116|15),7,BlackOrb19
Pharos of Ridorana Subterra,Black Orb 20,9166,I(2116|15),7,BlackOrb20
Pharos of Ridorana Subterra,Black Orb 21,9167,I(2116|15),7,BlackOrb21
Pharos of Ridorana Subterra,Black Orb 22,9168,I(2116|15),7,BlackOrb22
Pharos of Ridorana Subterra,Black Orb 23,9169,I(2116|15),7,BlackOrb23
Pharos of Ridorana Subterra,Black Orb 24,916A,I(2116|15),7,BlackOrb24
Rabanastre,Hunt 1: Rogue Tomato,9003,A(Dalmasca Estersand),1,Hunt
Rabanastre,Hunt 2: Thextera,9004,A(Dalmasca Westersand),1,Hunt
Dalmasca Estersand,Hunt 3: Flowering Cactoid,9005,I(8073),1,Hunt
Lowtown,Hunt 4: Wraith,9006,A(Garamsythe Waterway),1,Hunt
Bhujerba,Hunt 5: Nidhogg,9007,A(Lhusu Mines),1,Hunt
Rabanastre,Hunt 6: White Mousse,9008,AND(I(80AE)|A(Garamsythe Waterway)),5,Hunt
Lowtown,Hunt 7: Ring Wyrm,9009,A(Dalmasca Westersand),5,Hunt
Rabanastre,Hunt 8: Wyvern Lord,900A,A(Nam-Yensa Sandsea),2,Hunt
Rabanastre,Hunt 9: Marilith,900B,AND(I(808E)|A(Zertinan Caverns NE)),5,Hunt
Jahara,Hunt 10: Enkelados,900C,AND(I(8086)|A(Ozmone Plain)),2,Hunt
Giza Plains Rains,Hunt 11: Croakadile,900D,AND(I(807C)|I(80E0)),2,Hunt
Jahara,Hunt 12: Ixtab,900E,A(Ozmone Plain),2,Hunt
Mt. Bur-Omisace,Hunt 13: Feral Retriever,900F,A(Paramina Rift),3,Hunt
Eruyt Village,Hunt 14: Vorpal Bunny,9010,AND(A(Golmore Jungle S)|I(8087)),3,Hunt
Jahara,Hunt 15: Mindflayer,9011,A(Henne Mines),4,Hunt
Dalmasca Estersand,Hunt 16: Bloodwing,9012,A(Barheim Passage),5,Hunt
Nalbina Fortress,Hunt 17: Atomos,9013,A(Mosphoran Highwaste),3,Hunt
Nalbina Fortress,Hunt 18: Roblon,9014,A(Nabreus Deadlands),6,Hunt
Mosphoran Highwaste,Hunt 19: Braegh,9015,A(Salikawood NW),4,Hunt
Archades,Hunt 20: Darksteel,9016,A(Sochen Cave Palace Middle),4,Hunt
Balfonheim,Hunt 21: Vyraal,9017,AND(I(809B)|A(Cerobi Steppe)),5,Hunt
Old Archades,Hunt 22: Lindwyrm,9018,AND(A(Tchita Uplands)|I(808A)),5,Hunt
Archades,Hunt 23: Overlord,9019,A(Sochen Cave Palace S),6,Hunt
Nalbina Fortress,Hunt 24: Goliath,901A,A(Necrohol of Nabudis),6,Hunt
Nalbina Fortress,Hunt 25: Deathscythe,901B,A(Necrohol of Nabudis),6,Hunt
Skyferry,Hunt 26: Deathgaze,901C,,7,Hunt
Bhujerba,Hunt 27: Diabolos,901D,AND(I(807E)|I(807F)|A(Lhusu Mines)),7,Hunt
Mt. Bur-Omisace,Hunt 28: Piscodaemon,901E,A(Giruvegan),5,Hunt
Eruyt Village,Hunt 29: Wild Malboro,901F,A(Feywood),6,Hunt
Jahara,Hunt 30: Catoblepas,9020,A(Zertinan Caverns Center),6,Hunt
Mt. Bur-Omisace,Hunt 31: Fafnir,9021,AND(A(Paramina Rift)|I(809A)),7,Hunt
Balfonheim,Hunt 32: Pylraster,9022,A(Ridorana Cataract),7,Hunt
Giza Plains Dry,Hunt 33: Cluckatrice,9023,I(8071),1,Hunt
Bhujerba,Hunt 34: Rocktoise,9024,AND(I(8071)|A(Lhusu Mines)),1,Hunt
Lowtown,Hunt 35: Orthros,9025,AND(I(8071)|I(8092)|I(Fran)|I(Ashe)|I(Penelo)|A(Garamsythe Waterway)),5,Hunt
Giza Plains Dry,Hunt 36: Gil Snapper,9026,AND(I(8071)|I(807D)|A(Giza Plains Rains)),3,Hunt
Mt. Bur-Omisace,Hunt 37: Trickster,9027,AND(A(Paramina Rift)|I(8071)),5,Hunt
Bhujerba,Hunt 38: Antlion,9028,AND(I(8071)|I(807E)|A(Lhusu Mines)),5,Hunt
Aerodrome,Hunt 39: Carrot,9029,AND(I(8071)|A(Salikawood)),7,Hunt
Clan Hall,Hunt 40: Gilgamesh,902A,AND(I(8071)|I(807E)|I(807F)|A(Lhusu Mines)),7,Hunt
Clan Hall,Hunt 41: Belito,9122,AND(I(8071)|A(Nam-Yensa Sandsea Belito)),5,Hunt
Lowtown,Hunt 42: Behemoth King,902B,AND(A(Feywood)|I(8071)),7,Hunt
Balfonheim,Hunt 43: Ixion,902C,AND(I(8071)|A(Pharos of Ridorana Subterra)),6,Hunt
Clan Hall,Hunt 44: Shadowseer,902D,AND(I(8071)|A(Pharos of Ridorana Subterra)|I(2116|24)),6,Hunt
Clan Hall,Hunt 45: Yiazmat,902E,AND(I(8071)|A(Ridorana Cataract)),8,Hunt
Clan Hall,Clan Rank: Moppet,902F,,1,ClanRank
Clan Hall,Clan Rank: Hedge Knight,9030,I(Hunt|2),2,ClanRank
Clan Hall,Clan Rank: Rear Guard,9031,I(Hunt|4),3,ClanRank
Clan Hall,Clan Rank: Vanguard,9032,I(Hunt|8),4,ClanRank
Clan Hall,Clan Rank: Headhunter,9033,I(Hunt|10),5,ClanRank
Clan Hall,Clan Rank: Ward of Justice,9034,I(Hunt|12),6,ClanRank
Clan Hall,Clan Rank: Brave Companion,9035,I(Hunt|14),7,ClanRank
Clan Hall,Clan Rank: Riskbreaker,9036,I(Hunt|16),8,ClanRank
Clan Hall,Clan Rank: Paragon of Justice,9037,I(Hunt|24),9,ClanRank
Clan Hall,Clan Rank: High Guardian,9038,I(Hunt|28),10,ClanRank
Clan Hall,Clan Rank: Knight of the Round,9039,I(Hunt|32),11,ClanRank
Clan Hall,Clan Rank: Order of Ambrosia,903A,AND(I(Hunt|45)|C(Esper|13)|I(HuntClubKill|30)|I(80B6)|I(80B5)),12,ClanRank|Missable
Clan Hall,Clan Boss: Flans,903B,A(Nalbina Dungeon),1,ClanBoss
Clan Hall,Clan Boss: Firemane,903C,A(Nalbina Dungeon),1,ClanBoss
Clan Hall,Clan Boss: Earth Tyrant,903D,I(Defeat Earth Tyrant),4,ClanBoss
Clan Hall,Clan Boss: Mimic Queen,903E,AND(I(8071)|A(Barheim Passage Story)|I(8074)),1,ClanBoss
Clan Hall,Clan Boss: Demon Wall 1,903F,A(Tomb of Raithwall),3,ClanBoss
Clan Hall,Clan Boss: Demon Wall 2,9040,A(Tomb of Raithwall),1,ClanBoss
Clan Hall,Clan Boss: Elder Wyrm,9041,A(Golmore Jungle E),3,ClanBoss
Clan Hall,Clan Boss: Tiamat,9042,A(Henne Mines),2,ClanBoss
Clan Hall,Clan Boss: Vinuskar,9043,AND(A(Stilshrine of Miriam)|I(8078)),2,ClanBoss
Clan Hall,Clan Boss: King Bomb,9044,OR(A(Salikawood)|A(Salikawood NW)),5,ClanBoss
Clan Hall,Clan Boss: Mandragora,9045,A(Sochen Cave Palace Middle),4,ClanBoss
Clan Hall,Clan Boss: Ahriman,9046,A(Sochen Cave Palace Middle),5,ClanBoss
Clan Hall,Clan Boss: Hell Wyrm,9047,AND(I(80B5)|A(Sochen Cave Palace Middle)),7,ClanBoss
Clan Hall,Clan Boss: Rafflesia,9048,A(Feywood),4,ClanBoss
Clan Hall,Clan Boss: Daedulus,9049,A(Giruvegan),5,ClanBoss
Clan Hall,Clan Boss: Tyrant,904A,A(Giruvegan),5,ClanBoss
Clan Hall,Clan Boss: Hydro,904B,A(Ridorana Cataract),5,ClanBoss
Clan Hall,Clan Boss: Humbaba Mistant,904C,AND(I(8081)|I(8084)|A(Necrohol of Nabudis)),7,ClanBoss
Clan Hall,Clan Boss: Fury,904D,AND(I(8083)|I(8084)|A(Necrohol of Nabudis)),7,ClanBoss
Clan Hall,Clan Boss: Omega Mark XII,905A,A(Great Crystal Deep),8,ClanBoss
Clan Hall,Clan Esper: Control 1,904E,C(Esper|1),1,ClanEsper
Clan Hall,Clan Esper: Control 4,904F,C(Esper|4),3,ClanEsper
Clan Hall,Clan Esper: Control 8,9050,C(Esper|8),5,ClanEsper
Clan Hall,Clan Esper: Control 13,9051,C(Esper|13),8,ClanEsper
Dalmasca Estersand,Flowering Cactoid Drop,916D,,1,
Dalmasca Estersand,Patient Barheim Key,916E,AND(I(8073)|I(Defeat Vossler)),2,
Dalmasca Estersand,Dantro's Wife Give Cactus Flower,9081,AND(I(8073)|I(Defeat Vossler)),1,
Dalmasca Estersand,Cactus Family Quest,908A,AND(I(8073)|I(Defeat Vossler)),1,
Mt. Bur-Omisace,Acolyte Stone of the Condemner,916F,I(808B),3,
Dalmasca Westersand,Earth Tyrant Quest Wind Globe,9170,I(Defeat Vossler),1,
Rabanastre,Earth Tyrant Quest Windvane,9171,AND(I(80B1)|I(Defeat Vossler)),1,
Garamsythe Waterway,White Mousse Drop,9172,,5,
Rabanastre,Sorbet Sluice Gate Key,9173,I(80AE),5,
Ozmone Plain,Enkelados Drop,9174,,3,
Giza Plains Dry,Lesina Give Errmonea Leaf,9062,AND(I(8086)|A(Ozmone Plain)),3,
Bhujerba,Pilika Merchant's Armband,9175,I(8071),1,
Bhujerba,Clio's Technicks Pilika's Diary,9176,AND(I(8071)|I(8098)),1,
Bhujerba,Pilika Give Pilika's Diary,908D,AND(I(8071)|I(8098)|I(8099)),1,
Golmore Jungle S,Vorpal Bunny Drop,9177,,3,
Giza Plains Rains,Croakadile Drop,9178,,2,
Tchita Uplands,Lindwyrm Drop,9179,,5,
Giza Plains Rains,Nomads Silent Urn,917A,I(8071),3,
Garamsythe Waterway,Orthros Drop,917B,AND(I(8071)|I(Fran)|I(Ashe)|I(Penelo)|A(Lowtown)),5,
Bhujerba,Niray Site 3 Key,917D,I(8071),0,
Phon Coast,Site 11 Key,917E,AND(I(8071)|I(807E)|A(Lhusu Mines)),5,
Paramina Rift,Fafnir Drop,917F,,7,
Zertinan Caverns NE,Marilith Drop,9180,,5,
Cerobi Steppe,Vyraal Drop,9181,,5,
Balfonheim,Viera Wayfarer Dragon Scale,9182,AND(I(809B)|A(Cerobi Steppe)),5,
Cerobi Steppe,Wyrm Philosopher Ageworn Key,9183,AND(I(809B)|I(80B4)|A(Balfonheim)),5,
Skyferry,Ann's Letter,9184,,2,
Skyferry,Ann's Sisters Quest,906C,AND(I(8088)|A(Rabanastre <-> Nalbina Skyferry)|A(Rabanastre <-> Bhujerba Skyferry)|A(Rabanastre <-> Archades Skyferry)|A(Nalbina <-> Archades Skyferry)|A(Nalbina <-> Balfonheim Skyferry)|A(Bhujerba <-> Balfonheim Skyferry)|A(Archades <-> Balfonheim Skyferry)),7,Grindy
Lowtown,Dusty Letter,9185,A(Garamsythe Waterway),2,
Lowtown,Samal Blackened Fragment,917C,AND(I(8071)|I(8092)|I(Fran)|I(Ashe)|I(Penelo)|A(Garamsythe Waterway)),5,
Garamsythe Waterway,Dull Fragment,9186,AND(I(80AF)|A(Nabreus Deadlands)),0,
Rabanastre,Grimy Fragment,9187,A(Nabreus Deadlands),5,
Old Archades,Moonsilver Medallion,9188,AND(A(Nabreus Deadlands)|A(Archades)),5,
Nabreus Deadlands,Nabreus Medallion 1,9189,AND(I(808F)|I(8090)|I(8091)|I(80A3)|A(Archades)),6,
Nabreus Deadlands,Nabreus Medallion 2,918A,AND(I(808F)|I(8090)|I(8091)|I(80A3)|A(Archades)),6,
Nabreus Deadlands,Nabreus Medallion 3,918B,AND(I(808F)|I(8090)|I(8091)|I(80A3)|A(Archades)),6,
Necrohol of Nabudis,Medallion of Might,918C,AND(I(8081)|I(8083)|I(8084)),7,
Rabanastre,Viera Rendezvous,9056,,1,
Rabanastre,Ktjn Reward,9058,A(Clan Hall),2,
Nalbina Fortress,Jovy Reward,906A,I(Jovy|5),7,Hunt
Dalmasca Estersand,Outpost Mysterious Glint 1,906E,,0,
Dalmasca Estersand,Outpost Mysterious Glint 2,906F,,0,
Dalmasca Estersand,Outpost Mysterious Glint 3,9057,,0,
Dalmasca Estersand,Outpost Mysterious Glint 4,9070,,0,
Dalmasca Estersand,Outpost Mysterious Glint 5,9059,,0,
Balfonheim,Footrace,908F,,0,
Zertinan Caverns Center,Defeat Adrammelech,9194,,3,
Barheim Passage,Defeat Zalera,9195,,4,
Garamsythe Waterway,Defeat Cuchulainn,9196,I(80AF),6,
Stilshrine of Miriam,Defeat Zeromus,9197,I(8085),5,
Mosphoran Highwaste Upper,Defeat Exodus,9198,,4,
Necrohol of Nabudis,Defeat Chaos,9199,I(8082),5,
Great Crystal Deep,Defeat Ultima,919A,,6,
Henne Mines Deep,Defeat Zodiark,919B,,7,
Phon Coast,Thalassinon - Shelled Trophy,9090,,6,
Garamsythe Waterway,Gavial - Fur-scaled Trophy,9091,AND(I(80B8)|I(HuntClubStart)),6,
Barheim Passage,Ishteen - Bony Trophy,9092,AND(I(80B8)|I(HuntClubStart)),7,
Dalmasca Westersand,Kaiser Wolf - Fanged Trophy,9093,AND(I(80B8)|I(HuntClubStart)),5,
Dalmasca Estersand,Terror Tyrant - Hide-covered Trophy,9094,AND(I(80B8)|I(HuntClubStart)),7,
Giza Plains Dry,Nazarnir - Maned Trophy,9095,AND(I(80B8)|I(HuntClubStart)),7,
Zertinan Caverns Center,Alteci - Fell Trophy,9096,AND(I(80B8)|I(HuntClubStart)),5,
Lhusu Mines,Disma - Accursed Trophy,9097,AND(I(80B8)|I(807E)|I(807F)|I(HuntClubStart)),7,
Ogir-Yensa Sandsea,Bull Chocobo - Beaked Trophy,9098,AND(I(80B8)|I(HuntClubStart)),7,
Nam-Yensa Sandsea,Victanir - Maverick Trophy,9099,AND(I(80B8)|I(HuntClubStart)),7,
Tomb of Raithwall,Zombie Lord - Soulless Trophy,909A,AND(I(80B8)|I(HuntClubStart)),6,
Mosphoran Highwaste Upper,Dheed - Leathern Trophy,909B,AND(I(80B8)|I(HuntClubStart)),7,
Salikawood NW,Rageclaw - Sickle Trophy,909C,AND(I(80B8)|I(HuntClubStart)),5,
Nabreus Deadlands,Arioch - Vengeful Trophy,909D,AND(I(80B8)|I(HuntClubStart)),7,
Necrohol of Nabudis,Vorres - Gravesoil Trophy,909E,AND(I(80B8)|I(HuntClubStart)),7,
Ozmone Plain,Killbug - Metallic Trophy,909F,AND(I(80B8)|I(HuntClubStart)),6,
Henne Mines,Melt - Slimy Trophy,90A0,AND(I(80B8)|I(HuntClubStart)),7,
Golmore Jungle S,Biding Mantis - Scythe Trophy,90A1,AND(I(80B8)|I(HuntClubStart)),6,
Feywood,Dreadguard - Feathered Trophy,90A2,AND(I(80B8)|I(HuntClubStart)),7,
Great Crystal Deep,Crystal Knight - Skull Trophy,90A3,AND(I(80B8)|I(HuntClubStart)),5,
Paramina Rift,Ancbolder - Mind Trophy,90A4,AND(I(80B8)|I(HuntClubStart)),5,
Stilshrine of Miriam,Myath - Eternal Trophy,90A5,AND(I(80B8)|I(HuntClubStart)|I(8078)),5,
Phon Coast,Skullash - Clawed Trophy,90A6,AND(I(80B8)|I(HuntClubStart)),7,
Tchita Uplands,Kris - Odiferous Trophy,90A7,AND(I(80B8)|I(HuntClubStart)),7,
Tchita Uplands,Grimalkin - Whiskered Trophy,90A8,AND(I(80B8)|I(HuntClubStart)),7,
Sochen Cave Palace Middle,Wendice - Frigid Trophy,90A9,AND(I(80B8)|I(HuntClubStart)),5,
Sochen Cave Palace Middle,Anubys - Ensanguined Trophy,90AA,AND(I(80B8)|I(HuntClubStart)),7,
Cerobi Steppe,Bluesang - Cruel Trophy,90AB,AND(I(80B8)|I(HuntClubStart)),7,
Cerobi Steppe,Aspidochelon - Adamantine Trophy,90AC,AND(I(80B8)|I(HuntClubStart)),7,
Ridorana Cataract,Abelisk - Reptilian Trophy,90AD,AND(I(80B8)|I(HuntClubStart)),7,
Pharos of Ridorana,Avenger - Vile Trophy,90AE,AND(I(80B8)|I(HuntClubStart)|I(2116|3)),7,
Archades,Hunt Club Owner 5 Trophy Rares Defeated,90F9,AND(I(2112)|I(HuntClubKill|5)),6,Grindy
Archades,Hunt Club Owner 10 Trophy Rares Defeated,90FA,AND(I(2112)|I(HuntClubKill|10)),7,Grindy
Archades,Hunt Club Owner 15 Trophy Rares Defeated,90FB,AND(I(2112)|I(HuntClubKill|15)),7,Grindy
Archades,Hunt Club Owner 20 Trophy Rares Defeated,90FC,AND(I(2112)|I(HuntClubKill|20)),8,Grindy
Archades,Hunt Club Owner 25 Trophy Rares Defeated,90FD,AND(I(2112)|I(HuntClubKill|25)),9,Grindy
Archades,Hunt Club Owner 30 Trophy Rares Defeated,90FE,AND(I(2112)|I(HuntClubKill|30)),10,Grindy
Phon Coast,All Trophies Turn In 1,90F3,AND(I(80B8)|I(HuntClubStart)|T(Trophy|30)),10,Grindy
Phon Coast,All Trophies Turn In 2,90F4,AND(I(80B8)|I(HuntClubStart)|T(Trophy|30)),10,Grindy
Phon Coast,All Trophies Turn In 3,90F5,AND(I(80B8)|I(HuntClubStart)|T(Trophy|30)),10,Grindy
Phon Coast,All Trophies Turn In 4,90F6,AND(I(80B8)|I(HuntClubStart)|T(Trophy|30)),10,Grindy
Phon Coast,All Trophies Turn In 5,90F7,AND(I(80B8)|I(HuntClubStart)|T(Trophy|30)),10,Grindy
Phon Coast,All Trophies Turn In 6,90F8,AND(I(80B8)|I(HuntClubStart)|T(Trophy|30)),10,Grindy
Phon Coast,"Atak 1, Blok 0, Stok 0 Outfitters",90FF,AND(I(80B8)|I(HuntClubStart)|T(Trophy|1)),5,Grindy
Phon Coast,"Atak 0, Blok 1, Stok 0 Outfitters",9100,AND(I(80B8)|I(HuntClubStart)|T(Trophy|1)),5,Grindy
Phon Coast,"Atak 0, Blok 0, Stok 1 Outfitters",9101,AND(I(80B8)|I(HuntClubStart)|T(Trophy|1)),5,Grindy
Phon Coast,"Atak 5, Blok 0, Stok 0 Outfitters",9102,AND(I(80B8)|I(HuntClubStart)|T(Trophy|5)),6,Grindy
Phon Coast,"Atak 0, Blok 5, Stok 0 Outfitters",9103,AND(I(80B8)|I(HuntClubStart)|T(Trophy|5)),6,Grindy
Phon Coast,"Atak 0, Blok 0, Stok 5 Outfitters",9104,AND(I(80B8)|I(HuntClubStart)|T(Trophy|5)),6,Grindy
Phon Coast,"Atak 10, Blok 0, Stok 0 Outfitters",9105,AND(I(80B8)|I(HuntClubStart)|T(Trophy|10)),7,Grindy
Phon Coast,"Atak 0, Blok 10, Stok 0 Outfitters",9106,AND(I(80B8)|I(HuntClubStart)|T(Trophy|10)),7,Grindy
Phon Coast,"Atak 0, Blok 0, Stok 10 Outfitters",9107,AND(I(80B8)|I(HuntClubStart)|T(Trophy|10)),7,Grindy
Phon Coast,"Atak 15, Blok 0, Stok 0 Outfitters",9108,AND(I(80B8)|I(HuntClubStart)|T(Trophy|15)),7,Grindy
Phon Coast,"Atak 0, Blok 15, Stok 0 Outfitters",9109,AND(I(80B8)|I(HuntClubStart)|T(Trophy|15)),7,Grindy
Phon Coast,"Atak 0, Blok 0, Stok 15 Outfitters",910A,AND(I(80B8)|I(HuntClubStart)|T(Trophy|15)),7,Grindy
Phon Coast,"Atak 10, Blok 5, Stok 0 Outfitters",910B,AND(I(80B8)|I(HuntClubStart)|T(Trophy|10)),7,Grindy
Phon Coast,"Atak 20, Blok 0, Stok 0 Outfitters",910C,AND(I(80B8)|I(HuntClubStart)|T(Trophy|20)),8,Grindy
Phon Coast,"Atak 0, Blok 20, Stok 0 Outfitters",910D,AND(I(80B8)|I(HuntClubStart)|T(Trophy|20)),8,Grindy
Phon Coast,"Atak 0, Blok 0, Stok 20 Outfitters",910E,AND(I(80B8)|I(HuntClubStart)|T(Trophy|20)),8,Grindy
Phon Coast,"Atak 5, Blok 10, Stok 5 Outfitters",910F,AND(I(80B8)|I(HuntClubStart)|T(Trophy|10)),7,Grindy
Phon Coast,"Atak 25, Blok 0, Stok 0 Outfitters",9110,AND(I(80B8)|I(HuntClubStart)|T(Trophy|25)),9,Grindy
Phon Coast,"Atak 0, Blok 25, Stok 0 Outfitters",9111,AND(I(80B8)|I(HuntClubStart)|T(Trophy|25)),9,Grindy
Phon Coast,"Atak 0, Blok 0, Stok 25 Outfitters",9112,AND(I(80B8)|I(HuntClubStart)|T(Trophy|25)),9,Grindy
Phon Coast,"Atak 5, Blok 5, Stok 15 Outfitters",9113,AND(I(80B8)|I(HuntClubStart)|T(Trophy|15)),7,Grindy
Phon Coast,"Atak 30, Blok 0, Stok 0 Outfitters",9114,AND(I(80B8)|I(HuntClubStart)|T(Trophy|30)),10,Grindy
Phon Coast,"Atak 0, Blok 30, Stok 0 Outfitters",9115,AND(I(80B8)|I(HuntClubStart)|T(Trophy|30)),10,Grindy
Phon Coast,"Atak 0, Blok 0, Stok 30 Outfitters",9116,AND(I(80B8)|I(HuntClubStart)|T(Trophy|30)),10,Grindy
Phon Coast,"Atak 10, Blok 10, Stok 10 Outfitters",9117,AND(I(80B8)|I(HuntClubStart)|T(Trophy|10)),7,Grindy
Phon Coast,"Atak 25, Blok 1, Stok 1 Outfitters",9118,AND(I(80B8)|I(HuntClubStart)|T(Trophy|25)),9,Grindy
Phon Coast,"Atak 1, Blok 25, Stok 1 Outfitters",9119,AND(I(80B8)|I(HuntClubStart)|T(Trophy|25)),9,Grindy
Phon Coast,"Atak 1, Blok 1, Stok 25 Outfitters",911A,AND(I(80B8)|I(HuntClubStart)|T(Trophy|25)),9,Grindy
Phon Coast,"Atak 12, Blok 5, Stok 5 Outfitters",911B,AND(I(80B8)|I(HuntClubStart)|T(Trophy|12)),7,Grindy
Phon Coast,"Atak 5, Blok 12, Stok 5 Outfitters",911C,AND(I(80B8)|I(HuntClubStart)|T(Trophy|12)),7,Grindy
Phon Coast,"Atak 5, Blok 5, Stok 12 Outfitters",911D,AND(I(80B8)|I(HuntClubStart)|T(Trophy|12)),7,Grindy
Giza Plains Rains,Feather of the Flock Urn,90AF,,2,
Rabanastre,Great Cockatrice Escape Renn,9063,AND(I(807B)|A(Giza Plains Dry)),0,
Jahara,Great Cockatrice Escape Gift of the Great-chief,90B0,AND(I(807B)|A(Giza Plains Dry)),0,
Jahara,Great Cockatrice Escape Shurry,9064,AND(I(807B)|I(80AD)|A(Giza Plains Dry)),0,
Balfonheim,Great Cockatrice Escape Moomer,9065,AND(I(807B)|A(Giza Plains Dry)),0,
Dalmasca Estersand,Great Cockatrice Escape Sassan,9066,AND(I(8073)|I(807B)|A(Giza Plains Dry)),0,
Eruyt Village,Great Cockatrice Escape Chit,9067,AND(I(807B)|A(Giza Plains Dry)),0,
Archades,Great Cockatrice Escape Agytha,9068,AND(I(2112)|I(807B)|A(Giza Plains Dry)|A(Old Archades)),0,
Giza Plains Dry,Great Cockatrice Escape Complete Terra,9069,AND(I(807B)|A(Rabanastre)|A(Jahara)|I(80AD)|A(Balfonheim)|A(Dalmasca Estersand)|I(8073)|A(Eruyt Village)|A(Archades)|A(Old Archades)|I(2112)),0,
Nabreus Deadlands,Map of Nabreus Deadlands Urn,90B1,,5,
Ogir-Yensa Sandsea,Map of Ogir-Yensa Sandsea Urn,90B2,,1,
Ogir-Yensa Sandsea,Map of Nam-Yensa Sandsea Urn,90B3,,1,
Salikawood,Map of Salikawood Urn,90B4,,2,
Giruvegan,Map of Giruvegan Urn,90B5,,4,
Golmore Jungle NW,Map of Golmore Jungle Urn,90B6,,2,
Garamsythe Waterway,Map of Garamsythe Waterway Urn,90B7,,5,
Garamsythe Waterway,Candle of Garamsythe Waterway Urn,90B8,,5,
Henne Mines,Map of Henne Mines Urn,90B9,,2,
Henne Mines Deep,Candle of Henne Mines Urn,90BA,,8,
Lhusu Mines,Candle of Lhusu Mines Urn,90BB,AND(I(807E)|I(807F)),2,
Feywood,Map of Feywood Urn,90BC,,3,
Feywood,Candle of Feywood Urn,90BD,,3,
Barheim Passage,Map of Barheim Passage Urn,90BE,,3,
Barheim Passage,Candle of Barheim Passage Urn,90BF,,3,
Stilshrine of Miriam,Map of Stilshrine of Miriam Urn,90C0,I(8078),2,
Pharos of Ridorana,Map of Pharos of Ridorana First Ascent Urn,90C1,,5,
Pharos of Ridorana,Map of Pharos of Ridorana Second Ascent Urn,90C2,I(2116|3),5,
Pharos of Ridorana,Map of Pharos of Ridorana Third Ascent Urn,90C3,I(2116|3),5,
Royal Palace,Map of Royal Palace Urn,90C4,,1,Missable
Sochen Cave Palace Middle,Map of Sochen Cave Palace Urn,90C5,,3,
Ridorana Cataract,Map of Ridorana Cataract Urn,90C6,,4,
Tomb of Raithwall,Map of Tomb of Raithwall Urn,90C7,,1,
Zertinan Caverns Center,Map of Zertinan Caverns Urn,90C8,,5,
Necrohol of Nabudis,Map of Necrohol of Nabudis,90C9,AND(OR(I(8081)|I(8083))|I(8084)),7,